-- phpMyAdmin SQL Dump
-- version 4.8.3
-- https://www.phpmyadmin.net/
--
-- Host: 127.0.0.1
-- Generation Time: Dec 30, 2018 at 09:49 PM
-- Server version: 10.1.36-MariaDB
-- PHP Version: 7.2.11

SET SQL_MODE = "NO_AUTO_VALUE_ON_ZERO";
SET AUTOCOMMIT = 0;
START TRANSACTION;
SET time_zone = "+00:00";


/*!40101 SET @OLD_CHARACTER_SET_CLIENT=@@CHARACTER_SET_CLIENT */;
/*!40101 SET @OLD_CHARACTER_SET_RESULTS=@@CHARACTER_SET_RESULTS */;
/*!40101 SET @OLD_COLLATION_CONNECTION=@@COLLATION_CONNECTION */;
/*!40101 SET NAMES utf8mb4 */;

--
-- Database: `cj_investigation`
--

-- --------------------------------------------------------

--
-- Table structure for table `case`
--

CREATE TABLE `case` (
  `id` int(11) NOT NULL,
  `createdate` datetime NOT NULL DEFAULT CURRENT_TIMESTAMP,
  `updatedate` datetime DEFAULT NULL,
  `status` tinyint(1) NOT NULL DEFAULT '1',
  `deleted` tinyint(1) NOT NULL DEFAULT '0',
  `depart_id` int(11) NOT NULL,
  `main_ledger_id` int(11) NOT NULL,
  `case_number` int(12) NOT NULL,
  `case_year` int(5) NOT NULL
) ENGINE=InnoDB DEFAULT CHARSET=utf8;

--
-- Dumping data for table `case`
--

INSERT INTO `case` (`id`, `createdate`, `updatedate`, `status`, `deleted`, `depart_id`, `main_ledger_id`, `case_number`, `case_year`) VALUES
(19, '2018-11-08 14:30:37', NULL, 1, 0, 1, 1, 1077, 2018),
(34, '2018-11-08 17:20:02', NULL, 1, 0, 1, 1, 1123, 2018),
(14, '2018-11-08 14:08:50', NULL, 1, 0, 1, 1, 1311, 2018),
(12, '2018-11-08 14:02:39', NULL, 1, 0, 1, 1, 1431, 2018),
(27, '2018-11-08 14:52:08', NULL, 1, 0, 1, 1, 1660, 2018),
(28, '2018-11-08 14:54:41', NULL, 1, 0, 1, 1, 1673, 2018),
(38, '2018-11-10 08:49:42', NULL, 1, 0, 1, 1, 1697, 2018),
(37, '2018-11-10 08:47:30', NULL, 1, 0, 1, 1, 1713, 2018),
(42, '2018-11-10 08:57:13', NULL, 1, 0, 1, 1, 1796, 2018),
(46, '2018-11-10 09:06:33', NULL, 1, 0, 1, 1, 1811, 2018),
(41, '2018-11-10 08:55:23', NULL, 1, 0, 1, 1, 1825, 2018),
(52, '2018-11-10 10:31:29', NULL, 1, 0, 1, 1, 1929, 2018),
(67, '2018-11-10 12:05:59', NULL, 1, 0, 1, 1, 2030, 2018),
(76, '2018-11-10 12:15:58', NULL, 1, 0, 1, 1, 2072, 2018),
(70, '2018-11-10 12:07:56', NULL, 1, 0, 1, 1, 2108, 2018),
(103, '2018-11-10 14:38:48', NULL, 1, 0, 1, 1, 2110, 2018),
(100, '2018-11-10 14:33:27', NULL, 1, 0, 1, 1, 2313, 2018),
(111, '2018-11-10 15:23:09', NULL, 1, 0, 1, 1, 2378, 2018),
(17, '2018-11-08 14:15:13', NULL, 1, 0, 1, 1, 2627, 2018),
(78, '2018-11-10 12:18:16', NULL, 1, 0, 1, 1, 2700, 2018),
(88, '2018-11-10 12:30:02', NULL, 1, 0, 1, 1, 2760, 2018),
(137, '2018-12-30 20:58:31', NULL, 1, 0, 1, 1, 3000, 2018),
(98, '2018-11-10 14:31:24', NULL, 1, 0, 1, 1, 28829, 2017),
(102, '2018-11-10 14:37:47', NULL, 1, 0, 1, 4, 450, 2018),
(20, '2018-11-08 14:31:06', NULL, 1, 0, 1, 4, 6958, 2018),
(44, '2018-11-10 09:00:36', NULL, 1, 0, 1, 7, 50, 2018),
(50, '2018-11-10 09:17:54', NULL, 1, 0, 1, 7, 61, 2018),
(22, '2018-11-08 14:41:17', NULL, 1, 0, 2, 1, 23, 2018),
(9, '2018-11-08 13:40:31', NULL, 1, 0, 2, 1, 1241, 2018),
(23, '2018-11-08 14:44:23', NULL, 1, 0, 2, 1, 1266, 2018),
(8, '2018-11-08 13:36:23', NULL, 1, 0, 2, 1, 1312, 2018),
(11, '2018-11-08 13:55:28', NULL, 1, 0, 2, 1, 1313, 2018),
(4, '2018-11-08 13:16:17', NULL, 1, 0, 2, 1, 1318, 2018),
(10, '2018-11-08 13:54:10', NULL, 1, 0, 2, 1, 1428, 2018),
(21, '2018-11-08 14:39:36', NULL, 1, 0, 2, 1, 1514, 2018),
(2, '2018-11-08 12:16:31', NULL, 1, 0, 2, 1, 1515, 2018),
(1, '2018-11-08 12:14:29', NULL, 1, 0, 2, 1, 1523, 2018),
(6, '2018-11-08 13:30:52', NULL, 1, 0, 2, 1, 1529, 2018),
(5, '2018-11-08 13:28:18', NULL, 1, 0, 2, 1, 1530, 2018),
(18, '2018-11-08 14:22:40', NULL, 1, 0, 2, 1, 1607, 2018),
(32, '2018-11-08 15:02:37', NULL, 1, 0, 2, 1, 1610, 2018),
(24, '2018-11-08 14:47:04', NULL, 1, 0, 2, 1, 1613, 2018),
(13, '2018-11-08 14:03:25', NULL, 1, 0, 2, 1, 1614, 2018),
(25, '2018-11-08 14:49:21', NULL, 1, 0, 2, 1, 1615, 2018),
(35, '2018-11-08 17:23:07', NULL, 1, 0, 2, 1, 1624, 2018),
(26, '2018-11-08 14:50:51', NULL, 1, 0, 2, 1, 1667, 2018),
(29, '2018-11-08 14:56:36', NULL, 1, 0, 2, 1, 1668, 2018),
(30, '2018-11-08 14:59:07', NULL, 1, 0, 2, 1, 1670, 2018),
(31, '2018-11-08 15:01:03', NULL, 1, 0, 2, 1, 1671, 2018),
(58, '2018-11-10 11:31:39', NULL, 1, 0, 2, 1, 1698, 2018),
(39, '2018-11-10 08:51:35', NULL, 1, 0, 2, 1, 1720, 2018),
(36, '2018-11-10 08:45:15', NULL, 1, 0, 2, 1, 1722, 2018),
(45, '2018-11-10 09:02:21', NULL, 1, 0, 2, 1, 1792, 2018),
(43, '2018-11-10 08:58:56', NULL, 1, 0, 2, 1, 1802, 2018),
(54, '2018-11-10 10:43:31', NULL, 1, 0, 2, 1, 1864, 2018),
(47, '2018-11-10 09:10:02', NULL, 1, 0, 2, 1, 1865, 2018),
(48, '2018-11-10 09:13:03', NULL, 1, 0, 2, 1, 1877, 2018),
(49, '2018-11-10 09:15:28', NULL, 1, 0, 2, 1, 1878, 2018),
(55, '2018-11-10 10:45:04', NULL, 1, 0, 2, 1, 1917, 2018),
(105, '2018-11-10 14:44:23', NULL, 1, 0, 2, 1, 1932, 2018),
(93, '2018-11-10 12:38:48', NULL, 1, 0, 2, 1, 1953, 2018),
(7, '2018-11-08 13:32:12', NULL, 1, 0, 2, 1, 1955, 2018),
(61, '2018-11-10 11:53:31', NULL, 1, 0, 2, 1, 2029, 2018),
(96, '2018-11-10 12:45:18', NULL, 1, 0, 2, 1, 2032, 2018),
(60, '2018-11-10 11:36:08', NULL, 1, 0, 2, 1, 2055, 2018),
(77, '2018-11-10 12:17:15', NULL, 1, 0, 2, 1, 2067, 2018),
(106, '2018-11-10 14:45:38', NULL, 1, 0, 2, 1, 2109, 2018),
(109, '2018-11-10 14:50:35', NULL, 1, 0, 2, 1, 2134, 2018),
(81, '2018-11-10 12:21:15', NULL, 1, 0, 2, 1, 2205, 2018),
(101, '2018-11-10 14:34:46', NULL, 1, 0, 2, 1, 2315, 2018),
(87, '2018-11-10 12:29:36', NULL, 1, 0, 2, 1, 2316, 2018),
(99, '2018-11-10 14:32:28', NULL, 1, 0, 2, 1, 2329, 2018),
(91, '2018-11-10 12:35:41', NULL, 1, 0, 2, 1, 2344, 2018),
(113, '2018-11-10 15:26:54', NULL, 1, 0, 2, 1, 2361, 2018),
(115, '2018-11-10 15:28:36', NULL, 1, 0, 2, 1, 2362, 2018),
(114, '2018-11-10 15:27:51', NULL, 1, 0, 2, 1, 2364, 2018),
(112, '2018-11-10 15:25:51', NULL, 1, 0, 2, 1, 2375, 2018),
(119, '2018-11-10 15:33:00', NULL, 1, 0, 2, 1, 2376, 2018),
(120, '2018-11-10 15:34:07', NULL, 1, 0, 2, 1, 2391, 2018),
(71, '2018-11-10 12:08:03', NULL, 1, 0, 2, 1, 2393, 2018),
(84, '2018-11-10 12:24:24', NULL, 1, 0, 2, 1, 2414, 2018),
(118, '2018-11-10 15:31:33', NULL, 1, 0, 2, 1, 2421, 2018),
(117, '2018-11-10 15:30:46', NULL, 1, 0, 2, 1, 2422, 2018),
(85, '2018-11-10 12:27:05', NULL, 1, 0, 2, 1, 2423, 2018),
(66, '2018-11-10 12:05:09', NULL, 1, 0, 2, 1, 2585, 2018),
(68, '2018-11-10 12:06:23', NULL, 1, 0, 2, 1, 2586, 2018),
(65, '2018-11-10 12:01:00', NULL, 1, 0, 2, 1, 2587, 2018),
(64, '2018-11-10 11:59:22', NULL, 1, 0, 2, 1, 2588, 2018),
(116, '2018-11-10 15:29:30', NULL, 1, 0, 2, 1, 2589, 2018),
(63, '2018-11-10 11:57:48', NULL, 1, 0, 2, 1, 2590, 2018),
(62, '2018-11-10 11:56:14', NULL, 1, 0, 2, 1, 2591, 2018),
(73, '2018-11-10 12:12:19', NULL, 1, 0, 2, 1, 2675, 2018),
(72, '2018-11-10 12:10:13', NULL, 1, 0, 2, 1, 2679, 2018),
(74, '2018-11-10 12:13:39', NULL, 1, 0, 2, 1, 2680, 2018),
(89, '2018-11-10 12:33:18', NULL, 1, 0, 2, 1, 2699, 2018),
(75, '2018-11-10 12:15:01', NULL, 1, 0, 2, 1, 2703, 2018),
(90, '2018-11-10 12:34:39', NULL, 1, 0, 2, 1, 2740, 2018),
(86, '2018-11-10 12:28:15', NULL, 1, 0, 2, 1, 2769, 2018),
(92, '2018-11-10 12:37:38', NULL, 1, 0, 2, 1, 2770, 2018),
(123, '2018-11-10 20:41:35', NULL, 1, 0, 2, 1, 2847, 2018),
(108, '2018-11-10 14:47:31', NULL, 1, 0, 2, 1, 3938, 2018),
(124, '2018-11-10 20:42:18', NULL, 1, 0, 2, 1, 4417, 2018),
(129, '2018-11-16 17:02:33', NULL, 1, 0, 2, 1, 9000, 2018),
(107, '2018-11-10 14:46:37', NULL, 1, 0, 2, 1, 9709, 2018),
(3, '2018-11-08 12:48:11', NULL, 1, 0, 2, 1, 10852, 2018),
(59, '2018-11-10 11:35:19', NULL, 1, 0, 2, 1, 10853, 2018),
(53, '2018-11-10 10:32:47', NULL, 1, 0, 2, 1, 11170, 2017),
(56, '2018-11-10 11:27:28', NULL, 1, 0, 2, 1, 14188, 2018),
(125, '2018-11-10 20:56:51', NULL, 1, 0, 2, 1, 17312, 2018),
(121, '2018-11-10 20:27:39', NULL, 1, 0, 2, 1, 17321, 2018),
(127, '2018-11-10 21:05:09', NULL, 1, 0, 2, 1, 17451, 2018),
(126, '2018-11-10 21:02:15', NULL, 1, 0, 2, 1, 17456, 2018),
(128, '2018-11-10 21:06:02', NULL, 1, 0, 2, 1, 17472, 2018),
(40, '2018-11-10 08:53:17', NULL, 1, 0, 2, 1, 26918, 2016),
(95, '2018-11-10 12:43:52', NULL, 1, 0, 2, 1, 29101, 2017),
(94, '2018-11-10 12:40:23', NULL, 1, 0, 2, 1, 29381, 2017),
(133, '2018-12-28 14:59:17', NULL, 1, 0, 2, 1, 897897, 987897),
(134, '2018-12-28 14:59:58', NULL, 1, 0, 2, 1, 7777777, 987897),
(135, '2018-12-28 15:02:15', NULL, 1, 0, 2, 1, 8888888, 88888),
(130, '2018-12-28 02:01:47', NULL, 1, 0, 2, 2, 897, 789),
(132, '2018-12-28 14:54:49', NULL, 1, 0, 2, 3, 897, 897897),
(131, '2018-12-28 14:48:29', NULL, 1, 0, 2, 3, 8970987, 3452345),
(136, '2018-12-28 15:04:01', NULL, 1, 0, 2, 3, 2147483647, 2147483647),
(104, '2018-11-10 14:43:14', NULL, 1, 0, 2, 4, 42, 2018),
(33, '2018-11-08 16:58:29', NULL, 1, 0, 2, 4, 275, 2018),
(51, '2018-11-10 09:21:09', NULL, 1, 0, 2, 4, 362, 2018),
(57, '2018-11-10 11:28:49', NULL, 1, 0, 2, 4, 420, 2018),
(97, '2018-11-10 12:47:15', NULL, 1, 0, 2, 4, 2059, 2018),
(80, '2018-11-10 12:20:15', NULL, 1, 0, 2, 4, 10306, 2016),
(16, '2018-11-08 14:11:02', NULL, 1, 0, 2, 7, 6, 2018),
(15, '2018-11-08 14:09:17', NULL, 1, 0, 2, 7, 33, 2018),
(69, '2018-11-10 12:06:56', NULL, 1, 0, 2, 7, 71, 2018),
(82, '2018-11-10 12:22:05', NULL, 1, 0, 2, 7, 92, 2018),
(110, '2018-11-10 14:51:36', NULL, 1, 0, 2, 7, 113, 2018),
(83, '2018-11-10 12:22:38', NULL, 1, 0, 2, 7, 122, 2018),
(79, '2018-11-10 12:20:09', NULL, 1, 0, 2, 7, 577, 2018),
(122, '2018-11-10 20:40:21', NULL, 1, 0, 2, 7, 1191, 2018);

-- --------------------------------------------------------

--
-- Table structure for table `case_has_investigation`
--

CREATE TABLE `case_has_investigation` (
  `id_case_has_investigation` int(11) NOT NULL,
  `investigation_number` int(11) NOT NULL,
  `investigation_year` int(11) NOT NULL,
  `case_id` int(11) NOT NULL,
  `case_status_idcase_status` int(11) NOT NULL,
  `users_id` int(11) NOT NULL,
  `prosecutor_id` int(11) NOT NULL,
  `createdate` datetime NOT NULL DEFAULT CURRENT_TIMESTAMP,
  `updatedate` datetime DEFAULT NULL,
  `status` tinyint(1) NOT NULL DEFAULT '1',
  `deleted` tinyint(1) NOT NULL DEFAULT '0',
  `notes` varchar(200) DEFAULT NULL,
  `receive_date` date DEFAULT NULL,
  `initial_action_id` int(11) DEFAULT NULL,
  `final_action_id` int(11) DEFAULT NULL,
  `plaintiff` varchar(80) DEFAULT NULL,
  `defendant` varchar(80) DEFAULT NULL,
  `depart_id` int(11) NOT NULL
) ENGINE=InnoDB DEFAULT CHARSET=utf8;

--
-- Dumping data for table `case_has_investigation`
--

INSERT INTO `case_has_investigation` (`id_case_has_investigation`, `investigation_number`, `investigation_year`, `case_id`, `case_status_idcase_status`, `users_id`, `prosecutor_id`, `createdate`, `updatedate`, `status`, `deleted`, `notes`, `receive_date`, `initial_action_id`, `final_action_id`, `plaintiff`, `defendant`, `depart_id`) VALUES
(1, 1, 2018, 1, 1, 2, 2, '2018-11-08 12:14:29', '2018-12-28 03:37:48', 1, 0, 'حفظ', '2018-01-01', 2, 2, NULL, NULL, 2),
(2, 2, 2018, 2, 1, 2, 1, '2018-11-08 12:16:31', '2018-11-08 13:29:36', 1, 0, 'احالة\r\n\r\n برقم كلي 177', '2018-11-01', NULL, 2, NULL, NULL, 2),
(3, 3, 2018, 3, 1, 2, 3, '2018-11-08 12:48:11', '2018-11-08 13:32:37', 1, 0, 'احالة\r\n\r\nبرقم كلي 667', '2018-01-01', NULL, NULL, NULL, NULL, 2),
(4, 4, 2018, 4, 1, 2, 3, '2018-11-08 13:16:17', '2018-11-08 13:34:11', 1, 0, 'اختصاص \r\nبرقم 496 لعام 2018 جنح أحداث\r\nصادر 891 ف 2/19', '2018-01-01', NULL, NULL, NULL, NULL, 2),
(5, 5, 2018, 5, 1, 2, 8, '2018-11-08 13:28:18', '2018-11-08 13:35:05', 1, 0, 'احالة\r\n\r\nبرقم كلي 145', '2018-01-01', NULL, NULL, NULL, NULL, 2),
(6, 6, 2018, 6, 1, 2, 1, '2018-11-08 13:30:52', '2018-11-08 13:34:49', 1, 0, 'احالة \r\n\r\nبرقم كلي 2732', '2018-01-01', NULL, NULL, NULL, NULL, 2),
(7, 7, 2018, 7, 1, 2, 2, '2018-11-08 13:32:12', '2018-11-08 13:41:06', 1, 0, 'احالة \r\n\r\nبرقم كلي 660', '2018-01-01', NULL, NULL, NULL, NULL, 2),
(8, 8, 2018, 8, 1, 2, 6, '2018-11-08 13:36:23', '2018-11-08 13:40:53', 1, 0, 'احالة \r\n\r\nبرقم كلي 150', '2018-01-01', NULL, NULL, NULL, NULL, 2),
(9, 9, 2018, 9, 1, 2, 2, '2018-11-08 13:40:31', '2018-11-08 13:41:23', 1, 0, 'جلسة 2018/4/24', '2018-01-01', NULL, NULL, NULL, NULL, 2),
(10, 10, 2018, 10, 1, 2, 1, '2018-11-08 13:54:10', '2018-11-08 16:41:16', 1, 0, 'احالة\r\n\r\n برقم كلي 178', '2018-01-01', NULL, NULL, NULL, NULL, 2),
(11, 11, 2018, 11, 1, 2, 1, '2018-11-08 13:55:28', '2018-11-08 16:40:57', 1, 0, 'احالة \r\n\r\nبرقم كلي شرق 113', '2018-11-02', NULL, NULL, NULL, NULL, 2),
(12, 12, 2018, 12, 1, 2, 15, '2018-11-08 14:02:39', '2018-11-08 14:09:31', 1, 0, 'حفظ', '2018-01-02', NULL, NULL, NULL, NULL, 1),
(14, 13, 2018, 14, 1, 2, 15, '2018-11-08 14:08:50', '2018-11-08 16:40:55', 1, 0, 'احالة\r\n\r\n برقم كلي 303', '2018-01-03', NULL, NULL, NULL, NULL, 1),
(16, 14, 2018, 16, 1, 2, 5, '2018-11-08 14:11:02', '2018-11-08 14:11:24', 1, 0, 'حفظ', '2018-01-03', NULL, NULL, NULL, NULL, 2),
(19, 15, 2018, 19, 1, 2, 19, '2018-11-08 14:30:37', '2018-11-08 16:40:53', 1, 0, 'حفظ', '2018-11-03', NULL, NULL, NULL, NULL, 1),
(34, 16, 2018, 34, 1, 2, 15, '2018-11-08 17:20:02', NULL, 1, 0, 'احالة\r\n\r\n برقم كلي 577', '2018-11-03', NULL, NULL, NULL, NULL, 1),
(22, 17, 2018, 22, 1, 2, 3, '2018-11-08 14:41:17', '2018-11-08 16:39:52', 1, 0, 'جلسة 2018/1/10\r\n', '2018-01-04', NULL, NULL, NULL, NULL, 2),
(23, 18, 2018, 23, 1, 2, 1, '2018-11-08 14:44:23', '2018-11-08 19:22:58', 1, 0, 'حفظ', '2018-01-04', NULL, NULL, NULL, NULL, 2),
(24, 19, 2018, 24, 1, 2, 1, '2018-11-08 14:47:04', '2018-11-08 16:40:51', 1, 0, 'احالة برقم كلي 179\r\n', '2018-01-04', NULL, NULL, NULL, NULL, 2),
(35, 20, 2018, 35, 1, 2, 1, '2018-11-08 17:23:07', NULL, 1, 0, 'احالة\r\n\r\nبرقم كلي 179', '2018-11-03', NULL, NULL, NULL, NULL, 2),
(13, 21, 2018, 13, 1, 2, 6, '2018-11-08 14:03:25', '2018-11-08 16:39:14', 1, 0, 'جلسة 2018/3/13\r\n', '2018-01-04', NULL, NULL, NULL, NULL, 2),
(15, 22, 2018, 15, 1, 2, 1, '2018-11-08 14:09:17', '2018-11-08 16:39:35', 1, 0, 'جلسة 2018/1/31\r\n', '2018-01-04', NULL, NULL, NULL, NULL, 2),
(17, 23, 2018, 17, 1, 2, 19, '2018-11-08 14:15:13', '2018-11-08 16:39:18', 1, 0, 'جلسة 2018/1/11\r\n', '2018-01-04', NULL, NULL, NULL, NULL, 1),
(18, 24, 2018, 18, 2, 2, 8, '2018-11-08 14:22:40', '2018-11-08 16:39:17', 1, 0, 'اخذ راي 153\r\n', '2018-11-01', NULL, NULL, NULL, NULL, 2),
(20, 25, 2018, 20, 1, 2, 15, '2018-11-08 14:31:06', '2018-11-08 16:39:16', 1, 0, 'حفظ', '2018-01-04', NULL, NULL, NULL, NULL, 1),
(21, 26, 2018, 21, 1, 2, 2, '2018-11-08 14:39:36', '2018-11-08 16:39:08', 1, 0, 'جلسة 2018/1/17\r\n', '2018-01-04', NULL, NULL, NULL, NULL, 2),
(25, 27, 2018, 25, 1, 2, 5, '2018-11-08 14:49:21', '2018-11-08 16:39:10', 1, 0, 'جلسة 2018/2/22\r\n', '2018-01-04', NULL, NULL, NULL, NULL, 2),
(26, 28, 2018, 26, 1, 2, 2, '2018-11-08 14:50:51', '2018-11-08 16:40:49', 1, 0, 'احالة برقم كلي 199\r\n', '2018-01-04', NULL, NULL, NULL, NULL, 2),
(27, 29, 2018, 27, 1, 2, 19, '2018-11-08 14:52:08', NULL, 1, 0, 'حفظ', '2018-11-01', NULL, NULL, NULL, NULL, 1),
(28, 30, 2018, 28, 1, 2, 15, '2018-11-08 14:54:41', '2018-11-08 16:40:46', 1, 0, 'حفظ', '2018-01-04', NULL, NULL, NULL, NULL, 1),
(29, 31, 2018, 29, 1, 2, 6, '2018-11-08 14:56:36', '2018-11-08 16:40:41', 1, 0, 'احالة برقم كلي 193\r\n', '2018-01-04', NULL, NULL, NULL, NULL, 2),
(30, 32, 2018, 30, 1, 2, 1, '2018-11-08 14:59:07', '2018-11-08 16:40:40', 1, 0, 'حفظ ', '2018-01-04', NULL, NULL, NULL, NULL, 2),
(31, 33, 2018, 31, 1, 2, 8, '2018-11-08 15:01:03', '2018-11-08 16:40:38', 1, 0, 'حفظ', '2018-01-04', NULL, NULL, NULL, NULL, 2),
(32, 34, 2018, 32, 1, 2, 2, '2018-11-08 15:02:37', '2018-11-08 16:40:36', 1, 0, 'حفظ ', '2018-01-04', NULL, NULL, NULL, NULL, 2),
(33, 35, 2018, 33, 1, 2, 1, '2018-11-08 16:58:29', NULL, 1, 0, 'حفظ', '2018-11-05', NULL, NULL, NULL, NULL, 2),
(36, 36, 2018, 36, 1, 2, 6, '2018-11-10 08:45:15', NULL, 1, 0, 'حفظ', '2018-01-04', NULL, NULL, NULL, NULL, 2),
(37, 37, 2018, 37, 1, 2, 19, '2018-11-10 08:47:30', NULL, 1, 0, 'احالة برقم كلي 252\r\n', '2018-01-04', NULL, NULL, NULL, NULL, 1),
(38, 38, 2018, 38, 1, 2, 15, '2018-11-10 08:49:42', NULL, 1, 0, 'حفظ', '2018-01-04', NULL, NULL, NULL, NULL, 1),
(39, 39, 2018, 39, 1, 2, 8, '2018-11-10 08:51:35', NULL, 1, 0, 'احالة برقم كلي 245\r\n', '2018-01-04', NULL, NULL, NULL, NULL, 2),
(40, 40, 2018, 40, 1, 2, 2, '2018-11-10 08:53:17', NULL, 1, 0, 'احالة برقم كلي 2016/6172\r\n', '2018-01-04', NULL, NULL, NULL, NULL, 2),
(41, 41, 2018, 41, 1, 2, 15, '2018-11-10 08:55:23', NULL, 1, 0, 'جلسة 2018/1/14\r\n', '2018-01-04', NULL, NULL, NULL, NULL, 1),
(42, 42, 2018, 42, 1, 2, 15, '2018-11-10 08:57:13', NULL, 1, 0, 'احالة برقم كلي 727\r\n', '2018-01-04', NULL, NULL, NULL, NULL, 1),
(43, 43, 2018, 43, 1, 2, 1, '2018-11-10 08:58:56', NULL, 1, 0, 'احالة برقم كلي 165\r\n', '2018-01-05', NULL, NULL, NULL, NULL, 2),
(44, 44, 2018, 44, 1, 2, 15, '2018-11-10 09:00:36', NULL, 1, 0, 'جلسة 2018/3/14\r\n', '2018-01-05', NULL, NULL, NULL, NULL, 1),
(45, 45, 2018, 45, 1, 2, 8, '2018-11-10 09:02:21', NULL, 1, 0, 'احالة برقم كلي 246\r\n', '2018-01-05', NULL, NULL, NULL, NULL, 2),
(46, 46, 2018, 46, 1, 2, 15, '2018-11-10 09:06:33', NULL, 1, 0, 'احالة برقم كلي 448\r\n', '2018-01-05', NULL, NULL, NULL, NULL, 1),
(47, 47, 2018, 47, 1, 2, 2, '2018-11-10 09:10:02', NULL, 1, 0, 'احالة برقم كلي 527\r\n', '2018-01-05', NULL, NULL, NULL, NULL, 2),
(48, 48, 2018, 48, 1, 2, 1, '2018-11-10 09:13:03', NULL, 1, 0, 'احالة برقم كلي 180\r\n', '2018-01-05', NULL, NULL, NULL, NULL, 2),
(49, 49, 2018, 49, 1, 2, 9, '2018-11-10 09:15:28', NULL, 1, 0, 'احالة برقم كلي 300\r\n', '2018-01-05', NULL, NULL, NULL, NULL, 2),
(50, 50, 2018, 50, 1, 2, 15, '2018-11-10 09:17:54', NULL, 1, 0, 'جلسة 2018/6/6\r\n', '2018-01-05', NULL, NULL, NULL, NULL, 1),
(51, 51, 2018, 51, 1, 2, 6, '2018-11-10 09:21:09', NULL, 1, 0, 'حفظ', '2018-01-05', NULL, NULL, NULL, NULL, 2),
(52, 52, 2018, 52, 1, 2, 15, '2018-11-10 10:31:29', NULL, 1, 0, 'حفظ', '2018-01-05', NULL, NULL, NULL, NULL, 1),
(53, 53, 2018, 53, 1, 2, 4, '2018-11-10 10:32:47', NULL, 1, 0, 'حفظ', '2018-11-01', NULL, NULL, NULL, NULL, 2),
(54, 54, 2018, 54, 1, 2, 5, '2018-11-10 10:43:31', NULL, 1, 0, 'احالة برقم كلي 591\r\n', '2018-01-05', NULL, NULL, NULL, NULL, 2),
(55, 55, 2018, 55, 1, 2, 9, '2018-11-10 10:45:04', NULL, 1, 0, 'حفظ', '2018-01-05', NULL, NULL, NULL, NULL, 2),
(56, 56, 2018, 56, 2, 2, 8, '2018-11-10 11:27:28', NULL, 1, 0, '', '2018-11-08', NULL, NULL, NULL, NULL, 2),
(57, 57, 2018, 57, 1, 2, 1, '2018-11-10 11:28:49', NULL, 1, 0, 'حفظ', '2018-11-08', NULL, NULL, NULL, NULL, 2),
(58, 58, 2018, 58, 1, 2, 5, '2018-11-10 11:31:39', NULL, 1, 0, 'حفظ', '2018-11-08', NULL, NULL, NULL, NULL, 2),
(59, 59, 2018, 59, 1, 2, 5, '2018-11-10 11:35:19', NULL, 1, 0, 'حفظ', '2018-11-08', NULL, NULL, NULL, NULL, 2),
(60, 60, 2018, 60, 1, 2, 1, '2018-11-10 11:36:08', NULL, 1, 0, 'حفظ', '2018-11-08', NULL, NULL, NULL, NULL, 2),
(61, 61, 2018, 61, 1, 2, 2, '2018-11-10 11:53:31', NULL, 1, 0, 'احالة\r\n\r\n برقم كلي 171', '2018-11-07', NULL, NULL, NULL, NULL, 2),
(67, 62, 2018, 67, 1, 2, 19, '2018-11-10 12:05:59', NULL, 1, 0, 'احالة\r\n\r\n برقم كلي 253', '2018-01-09', NULL, NULL, NULL, NULL, 1),
(69, 63, 2018, 69, 1, 2, 1, '2018-11-10 12:06:56', NULL, 1, 0, 'جلسة\r\n 2018/1/31\r\n\r\n', '2018-11-09', NULL, NULL, NULL, NULL, 2),
(70, 64, 2018, 70, 1, 2, 15, '2018-11-10 12:07:56', NULL, 1, 0, 'حفظ', '2018-01-09', NULL, NULL, NULL, NULL, 1),
(76, 65, 2018, 76, 1, 2, 15, '2018-11-10 12:15:58', NULL, 1, 0, 'احالة\r\n برقم كلي 447', '2018-01-09', NULL, NULL, NULL, NULL, 1),
(77, 66, 2018, 77, 1, 2, 1, '2018-11-10 12:17:15', NULL, 1, 0, 'حفظ', '2018-01-09', NULL, NULL, NULL, NULL, 2),
(79, 67, 2018, 79, 1, 2, 9, '2018-11-10 12:20:09', NULL, 1, 0, 'جلسة\r\n 2018/5/15', '2018-01-08', NULL, NULL, NULL, NULL, 2),
(81, 68, 2018, 81, 1, 2, 5, '2018-11-10 12:21:15', NULL, 1, 0, 'احالة\r\n\r\n برقم كلي 446', '2018-01-10', NULL, NULL, NULL, NULL, 2),
(82, 69, 2018, 82, 1, 2, 5, '2018-11-10 12:22:05', NULL, 1, 0, 'احالة\r\n\r\n برقم كلي 202', '2018-01-10', NULL, NULL, NULL, NULL, 2),
(87, 70, 2018, 87, 1, 2, 3, '2018-11-10 12:29:36', NULL, 1, 0, 'حفظ', '2018-01-10', NULL, NULL, NULL, NULL, 2),
(91, 71, 2018, 91, 1, 2, 8, '2018-11-10 12:35:41', NULL, 1, 0, 'جلسة\r\n 2018/1/21', '2018-01-10', NULL, NULL, NULL, NULL, 2),
(93, 72, 2018, 93, 1, 2, 3, '2018-11-10 12:38:48', NULL, 1, 0, 'جلسة\r\n 2018/2/13', '2018-01-11', NULL, NULL, NULL, NULL, 2),
(94, 73, 2018, 94, 1, 2, 5, '2018-11-10 12:40:23', NULL, 1, 0, 'احالة\r\n\r\n برقم كلي 4349', '2018-01-09', NULL, NULL, NULL, NULL, 2),
(95, 74, 2018, 95, 1, 2, 5, '2018-11-10 12:43:52', NULL, 1, 0, 'احالة\r\n\r\n برقم كلي 2017/4363', '2018-01-10', NULL, NULL, NULL, NULL, 2),
(96, 75, 2018, 96, 1, 2, 3, '2018-11-10 12:45:18', NULL, 1, 0, 'احالة\r\n\r\n برقم كلي 264', '2018-01-11', NULL, NULL, NULL, NULL, 2),
(97, 76, 2018, 97, 1, 2, 3, '2018-11-10 12:47:15', NULL, 1, 0, 'حفظ', '2018-01-11', NULL, NULL, NULL, NULL, 2),
(98, 77, 2018, 98, 1, 2, 15, '2018-11-10 14:31:24', NULL, 1, 0, 'جلسة\r\n\r\nتصرف استبعاد شبه', '2018-01-09', NULL, NULL, NULL, NULL, 1),
(99, 78, 2018, 99, 1, 2, 8, '2018-11-10 14:32:28', NULL, 1, 0, 'حفظ', '2018-01-10', NULL, NULL, NULL, NULL, 2),
(100, 79, 2018, 100, 1, 2, 19, '2018-11-10 14:33:27', NULL, 1, 0, 'احالة\r\n\r\n برقم كلي 441', '2018-01-11', NULL, NULL, NULL, NULL, 1),
(101, 80, 2018, 101, 1, 2, 4, '2018-11-10 14:34:46', NULL, 1, 0, 'احالة\r\n\r\n برقم كلي 143', '2018-01-09', NULL, NULL, NULL, NULL, 2),
(102, 81, 2018, 102, 1, 2, 15, '2018-11-10 14:37:47', NULL, 1, 0, 'اختصاص\r\nقيدت الاوراق برقم 732 لعام 2018 جنايات أحداث\r\n\r\nصادر 2244 ف 5/9\r\n\r\n', '2018-01-12', NULL, NULL, NULL, NULL, 1),
(103, 82, 2018, 103, 2, 2, 15, '2018-11-10 14:38:48', '2018-12-30 21:10:21', 1, 0, 'احالة\r\n\r\n برقم كلي 440', '2018-01-12', NULL, NULL, '', '', 1),
(104, 83, 2018, 104, 2, 2, 5, '2018-11-10 14:43:14', NULL, 1, 0, ' ( استيفاء نيابة شرق اسكندرية الكلية )\r\n\r\nاخذ راي 162', '2018-01-12', NULL, NULL, NULL, NULL, 2),
(105, 84, 2018, 105, 1, 2, 6, '2018-11-10 14:44:23', NULL, 1, 0, 'احالة\r\n\r\n برقم كلي 744', '2018-01-12', NULL, NULL, NULL, NULL, 2),
(106, 85, 2018, 106, 1, 2, 6, '2018-11-10 14:45:38', NULL, 1, 0, 'احالة\r\n\r\n برقم كلي شرق 420', '2018-01-12', NULL, NULL, NULL, NULL, 2),
(107, 86, 2018, 107, 1, 2, 6, '2018-11-10 14:46:37', NULL, 1, 0, 'حفظ', '2018-01-13', NULL, NULL, NULL, NULL, 2),
(108, 87, 2018, 108, 1, 2, 6, '2018-11-10 14:47:31', NULL, 1, 0, 'جلسة\r\n\r\n 2018/2/15', '2018-01-13', NULL, NULL, NULL, NULL, 2),
(109, 88, 2018, 109, 1, 2, 8, '2018-11-10 14:50:35', NULL, 1, 0, 'احالة\r\n\r\n برقم كلي 297', '2018-01-13', NULL, NULL, NULL, NULL, 2),
(110, 89, 2018, 110, 1, 2, 5, '2018-11-10 14:51:36', NULL, 1, 0, 'احالة\r\n\r\n برقم كلي 267', '2018-01-13', NULL, NULL, NULL, NULL, 2),
(111, 91, 2018, 111, 1, 2, 19, '2018-11-10 15:23:09', NULL, 1, 0, 'احالة\r\n\r\n برقم كلي 357', '2018-01-13', NULL, NULL, NULL, NULL, 1),
(119, 92, 2018, 119, 1, 2, 2, '2018-11-10 15:33:00', NULL, 1, 0, 'جلسة\r\n\r\n 2018/6/7\r\n', '2018-01-14', NULL, NULL, NULL, NULL, 2),
(112, 93, 2018, 112, 1, 2, 6, '2018-11-10 15:25:51', NULL, 1, 0, 'احالة\r\n\r\n برقم كلي 430', '2018-01-14', NULL, NULL, NULL, NULL, 2),
(120, 94, 2018, 120, 1, 2, 4, '2018-11-10 15:34:07', NULL, 1, 0, 'احالة\r\n\r\n برقم كلي 289', '2018-01-13', NULL, NULL, NULL, NULL, 2),
(113, 95, 2018, 113, 1, 2, 4, '2018-11-10 15:26:54', NULL, 1, 0, 'حفظ', '2018-01-14', NULL, NULL, NULL, NULL, 2),
(114, 96, 2018, 114, 1, 2, 6, '2018-11-10 15:27:51', NULL, 1, 0, 'احالة\r\n\r\n برقم كلي 144', '2018-01-15', NULL, NULL, NULL, NULL, 2),
(115, 97, 2018, 115, 1, 2, 8, '2018-11-10 15:28:36', NULL, 1, 0, 'احالة\r\n\r\n برقم كلي 301', '2018-01-13', NULL, NULL, NULL, NULL, 2),
(116, 98, 2018, 116, 1, 2, 4, '2018-11-10 15:29:30', NULL, 1, 0, 'حفظ', '2018-01-14', NULL, NULL, NULL, NULL, 2),
(117, 99, 2018, 117, 1, 2, 4, '2018-11-10 15:30:46', NULL, 1, 0, 'احالة\r\n\r\n برقم كلي 533', '2018-01-15', NULL, NULL, NULL, NULL, 2),
(118, 100, 2018, 118, 1, 2, 6, '2018-11-10 15:31:33', NULL, 1, 0, 'احالة\r\n\r\n برقم كلي 556', '2018-01-14', NULL, NULL, NULL, NULL, 2),
(62, 101, 2018, 62, 1, 2, 6, '2018-11-10 11:56:14', NULL, 1, 0, 'احالة برقم كلي 194\r\n', '2018-11-01', NULL, NULL, NULL, NULL, 2),
(63, 102, 2018, 63, 1, 2, 2, '2018-11-10 11:57:48', NULL, 1, 0, 'احالة برقم كلي 460\r\n', '2018-01-11', NULL, NULL, NULL, NULL, 2),
(64, 103, 2018, 64, 1, 2, 2, '2018-11-10 11:59:22', NULL, 1, 0, 'حفظ', '2018-01-11', NULL, NULL, NULL, NULL, 2),
(65, 104, 2018, 65, 1, 2, 5, '2018-11-10 12:01:00', NULL, 1, 0, 'احالة برقم كلي 174\r\n', '2018-11-01', NULL, NULL, NULL, NULL, 2),
(66, 105, 2018, 66, 1, 2, 5, '2018-11-10 12:05:09', NULL, 1, 0, 'احالة برقم كلي 175\r\n', '2018-01-11', NULL, NULL, NULL, NULL, 2),
(68, 106, 2018, 68, 1, 2, 6, '2018-11-10 12:06:23', NULL, 1, 0, 'جلسة 2018/2/22\r\n', '2018-04-21', NULL, NULL, NULL, NULL, 2),
(71, 107, 2018, 71, 1, 2, 2, '2018-11-10 12:08:03', NULL, 1, 0, 'حفظ', '2018-01-11', NULL, NULL, NULL, NULL, 2),
(72, 108, 2018, 72, 1, 2, 6, '2018-11-10 12:10:13', NULL, 1, 0, 'جلسة 2018/3/8\r\n', '2018-01-11', NULL, NULL, NULL, NULL, 2),
(73, 109, 2018, 73, 1, 2, 4, '2018-11-10 12:12:19', NULL, 1, 0, 'احالة برقم كلي 287\r\n', '2018-01-11', NULL, NULL, NULL, NULL, 2),
(74, 110, 2018, 74, 1, 2, 4, '2018-11-10 12:13:39', NULL, 1, 0, 'احالة برقم كلي 191\r\n', '2018-01-11', NULL, NULL, NULL, NULL, 2),
(75, 111, 2018, 75, 1, 2, 5, '2018-11-10 12:15:01', NULL, 1, 0, 'حفظ', '2018-01-11', NULL, NULL, NULL, NULL, 2),
(78, 112, 2018, 78, 1, 2, 19, '2018-11-10 12:18:16', NULL, 1, 0, 'حفظ', '2018-01-11', NULL, NULL, NULL, NULL, 1),
(80, 113, 2018, 80, 2, 2, 5, '2018-11-10 12:20:15', NULL, 1, 0, '', '2018-01-11', NULL, NULL, NULL, NULL, 2),
(83, 114, 2018, 83, 1, 2, 6, '2018-11-10 12:22:38', NULL, 1, 0, 'احالة برقم كلي733 \r\n', '2018-01-11', NULL, NULL, NULL, NULL, 2),
(84, 115, 2018, 84, 1, 2, 2, '2018-11-10 12:24:24', NULL, 1, 0, 'جلسة 2018/2/28\r\n', '2018-01-11', NULL, NULL, NULL, NULL, 2),
(85, 116, 2018, 85, 1, 2, 2, '2018-11-10 12:27:05', NULL, 1, 0, 'جلسة 2018/3/13\r\n', '2018-01-11', NULL, NULL, NULL, NULL, 2),
(86, 117, 2018, 86, 1, 2, 5, '2018-11-10 12:28:15', NULL, 1, 0, 'حفظ', '2018-01-11', NULL, NULL, NULL, NULL, 2),
(88, 118, 2018, 88, 2, 2, 19, '2018-11-10 12:30:02', '2018-12-30 21:10:08', 1, 0, 'احالة برقم كلي 254\r\n', '2018-01-11', NULL, NULL, '', '', 1),
(130, 119, 2018, 137, 2, 10, 19, '2018-12-30 20:58:31', NULL, 1, 0, '', '2018-12-12', NULL, NULL, '  ', '  ', 1),
(89, 119, 2018, 89, 1, 2, 4, '2018-11-10 12:33:18', NULL, 1, 0, 'احالة برقم كلي 1124\r\nسرقة شركة النحاس', '2018-01-11', NULL, NULL, NULL, NULL, 2),
(90, 120, 2018, 90, 1, 2, 4, '2018-11-10 12:34:39', NULL, 1, 0, 'احالة برقم كلي 286\r\n', '2018-01-11', NULL, NULL, NULL, NULL, 2),
(92, 121, 2018, 92, 1, 2, 2, '2018-11-10 12:37:38', NULL, 1, 0, 'احالة برقم كلي 535\r\n', '2018-01-11', NULL, NULL, NULL, NULL, 2),
(121, 1100, 2018, 121, 2, 2, 4, '2018-11-10 20:27:39', '2018-11-10 20:38:38', 1, 0, 'سؤال الظابط احمد منسي', '2018-09-12', NULL, NULL, NULL, NULL, 2),
(122, 1101, 2018, 122, 1, 2, 4, '2018-11-10 20:40:21', NULL, 1, 0, 'إحالة جلسة 2018/8/8', '2018-10-29', NULL, NULL, NULL, NULL, 2),
(123, 1102, 2018, 123, 2, 2, 8, '2018-11-10 20:41:35', NULL, 1, 0, '', '2018-10-30', NULL, NULL, NULL, NULL, 2),
(124, 1103, 2018, 124, 2, 2, 8, '2018-11-10 20:42:18', NULL, 1, 0, '', '2018-10-30', NULL, NULL, NULL, NULL, 2),
(125, 1104, 2018, 125, 2, 2, 5, '2018-11-10 20:56:51', NULL, 1, 0, '', '2018-10-28', NULL, NULL, NULL, NULL, 2),
(126, 1105, 2018, 126, 2, 2, 7, '2018-11-10 21:02:15', NULL, 1, 0, 'سؤال الظابط محمد راضي ', '2018-10-31', NULL, NULL, NULL, NULL, 2),
(127, 1106, 2018, 127, 2, 2, 3, '2018-11-10 21:05:09', NULL, 1, 0, 'سؤال الظابط محمد راضي ', '2018-10-28', NULL, NULL, NULL, NULL, 2),
(128, 1107, 2018, 128, 2, 2, 8, '2018-11-10 21:06:02', '2018-12-28 03:43:20', 1, 0, 'سؤال الظابط محمد راضي', '2018-09-06', 1, 2, NULL, NULL, 2),
(129, 1108, 2018, 129, 2, 2, 2, '2018-11-16 17:02:33', NULL, 1, 0, 'الظابط احمد بك النقيب', '2018-11-16', NULL, NULL, NULL, NULL, 2);

-- --------------------------------------------------------

--
-- Table structure for table `case_has_investigation_has_charges`
--

CREATE TABLE `case_has_investigation_has_charges` (
  `case_has_investigation_id_case_has_investigation` int(11) NOT NULL,
  `charges_id_charges` int(11) NOT NULL,
  `createdate` datetime NOT NULL DEFAULT CURRENT_TIMESTAMP,
  `updatedate` datetime DEFAULT NULL,
  `status` tinyint(1) NOT NULL DEFAULT '1',
  `deleted` tinyint(1) NOT NULL DEFAULT '0',
  `case_has_investigation_has_charges_id` int(10) NOT NULL DEFAULT '0'
) ENGINE=InnoDB DEFAULT CHARSET=utf8;

--
-- Dumping data for table `case_has_investigation_has_charges`
--

INSERT INTO `case_has_investigation_has_charges` (`case_has_investigation_id_case_has_investigation`, `charges_id_charges`, `createdate`, `updatedate`, `status`, `deleted`, `case_has_investigation_has_charges_id`) VALUES
(2, 16, '2018-11-08 13:29:36', NULL, 1, 0, 12),
(3, 27, '2018-11-08 13:32:37', NULL, 1, 0, 17),
(4, 45, '2018-11-08 13:34:11', NULL, 1, 0, 19),
(6, 16, '2018-11-08 13:34:49', NULL, 1, 0, 20),
(5, 16, '2018-11-08 13:35:05', NULL, 1, 0, 21),
(8, 16, '2018-11-08 13:40:53', NULL, 1, 0, 26),
(7, 16, '2018-11-08 13:41:06', NULL, 1, 0, 27),
(9, 87, '2018-11-08 13:41:23', NULL, 1, 0, 28),
(12, 16, '2018-11-08 14:09:31', NULL, 1, 0, 43),
(16, 55, '2018-11-08 14:11:24', NULL, 1, 0, 46),
(27, 16, '2018-11-08 14:52:08', NULL, 1, 0, 66),
(21, 64, '2018-11-08 16:39:08', NULL, 1, 0, 77),
(25, 45, '2018-11-08 16:39:10', NULL, 1, 0, 78),
(13, 45, '2018-11-08 16:39:14', NULL, 1, 0, 80),
(20, 45, '2018-11-08 16:39:16', NULL, 1, 0, 81),
(18, 27, '2018-11-08 16:39:17', NULL, 1, 0, 82),
(17, 88, '2018-11-08 16:39:18', NULL, 1, 0, 83),
(15, 88, '2018-11-08 16:39:35', NULL, 1, 0, 84),
(22, 88, '2018-11-08 16:39:52', NULL, 1, 0, 85),
(32, 16, '2018-11-08 16:40:36', NULL, 1, 0, 86),
(31, 16, '2018-11-08 16:40:38', NULL, 1, 0, 87),
(30, 16, '2018-11-08 16:40:40', NULL, 1, 0, 88),
(29, 16, '2018-11-08 16:40:41', NULL, 1, 0, 89),
(28, 16, '2018-11-08 16:40:46', NULL, 1, 0, 92),
(26, 16, '2018-11-08 16:40:49', NULL, 1, 0, 93),
(24, 16, '2018-11-08 16:40:51', NULL, 1, 0, 94),
(19, 16, '2018-11-08 16:40:53', NULL, 1, 0, 95),
(14, 16, '2018-11-08 16:40:55', NULL, 1, 0, 96),
(11, 16, '2018-11-08 16:40:57', NULL, 1, 0, 97),
(10, 16, '2018-11-08 16:41:16', NULL, 1, 0, 98),
(33, 84, '2018-11-08 16:58:29', NULL, 1, 0, 99),
(34, 16, '2018-11-08 17:20:02', NULL, 1, 0, 100),
(35, 16, '2018-11-08 17:23:07', NULL, 1, 0, 101),
(23, 64, '2018-11-08 19:22:58', NULL, 1, 0, 103),
(36, 46, '2018-11-10 08:45:15', NULL, 1, 0, 105),
(37, 16, '2018-11-10 08:47:30', NULL, 1, 0, 106),
(38, 16, '2018-11-10 08:49:42', NULL, 1, 0, 107),
(39, 16, '2018-11-10 08:51:35', NULL, 1, 0, 108),
(40, 68, '2018-11-10 08:53:17', NULL, 1, 0, 109),
(41, 6, '2018-11-10 08:55:23', NULL, 1, 0, 110),
(42, 16, '2018-11-10 08:57:13', NULL, 1, 0, 111),
(43, 16, '2018-11-10 08:58:56', NULL, 1, 0, 112),
(44, 88, '2018-11-10 09:00:36', NULL, 1, 0, 113),
(45, 16, '2018-11-10 09:02:21', NULL, 1, 0, 114),
(46, 16, '2018-11-10 09:06:33', NULL, 1, 0, 115),
(47, 16, '2018-11-10 09:10:02', NULL, 1, 0, 116),
(48, 16, '2018-11-10 09:13:03', NULL, 1, 0, 117),
(49, 16, '2018-11-10 09:15:28', NULL, 1, 0, 118),
(50, 56, '2018-11-10 09:17:54', NULL, 1, 0, 119),
(51, 18, '2018-11-10 09:21:09', NULL, 1, 0, 120),
(52, 16, '2018-11-10 10:31:29', NULL, 1, 0, 121),
(53, 68, '2018-11-10 10:32:47', NULL, 1, 0, 122),
(54, 16, '2018-11-10 10:43:31', NULL, 1, 0, 123),
(55, 16, '2018-11-10 10:45:04', NULL, 1, 0, 124),
(56, 27, '2018-11-10 11:27:28', NULL, 1, 0, 125),
(57, 27, '2018-11-10 11:28:49', NULL, 1, 0, 126),
(58, 16, '2018-11-10 11:31:39', NULL, 1, 0, 127),
(59, 83, '2018-11-10 11:35:19', NULL, 1, 0, 128),
(60, 16, '2018-11-10 11:36:08', NULL, 1, 0, 129),
(61, 16, '2018-11-10 11:53:31', NULL, 1, 0, 130),
(62, 16, '2018-11-10 11:56:14', NULL, 1, 0, 131),
(63, 16, '2018-11-10 11:57:48', NULL, 1, 0, 132),
(64, 16, '2018-11-10 11:59:22', NULL, 1, 0, 133),
(65, 16, '2018-11-10 12:01:00', NULL, 1, 0, 134),
(66, 16, '2018-11-10 12:05:09', NULL, 1, 0, 135),
(67, 16, '2018-11-10 12:05:59', NULL, 1, 0, 136),
(68, 16, '2018-11-10 12:06:23', NULL, 1, 0, 137),
(69, 88, '2018-11-10 12:06:56', NULL, 1, 0, 138),
(70, 16, '2018-11-10 12:07:56', NULL, 1, 0, 139),
(71, 16, '2018-11-10 12:08:03', NULL, 1, 0, 140),
(72, 16, '2018-11-10 12:10:13', NULL, 1, 0, 141),
(73, 16, '2018-11-10 12:12:19', NULL, 1, 0, 142),
(74, 16, '2018-11-10 12:13:39', NULL, 1, 0, 143),
(75, 16, '2018-11-10 12:15:01', NULL, 1, 0, 144),
(76, 16, '2018-11-10 12:15:58', NULL, 1, 0, 145),
(77, 79, '2018-11-10 12:17:15', NULL, 1, 0, 146),
(78, 16, '2018-11-10 12:18:16', NULL, 1, 0, 147),
(79, 55, '2018-11-10 12:20:09', NULL, 1, 0, 148),
(80, 22, '2018-11-10 12:20:15', NULL, 1, 0, 149),
(81, 16, '2018-11-10 12:21:15', NULL, 1, 0, 150),
(82, 55, '2018-11-10 12:22:05', NULL, 1, 0, 151),
(83, 55, '2018-11-10 12:22:38', NULL, 1, 0, 152),
(84, 45, '2018-11-10 12:24:24', NULL, 1, 0, 153),
(85, 58, '2018-11-10 12:27:05', NULL, 1, 0, 154),
(86, 16, '2018-11-10 12:28:15', NULL, 1, 0, 155),
(87, 16, '2018-11-10 12:29:36', NULL, 1, 0, 156),
(89, 45, '2018-11-10 12:33:18', NULL, 1, 0, 158),
(90, 16, '2018-11-10 12:34:39', NULL, 1, 0, 159),
(91, 38, '2018-11-10 12:35:41', NULL, 1, 0, 160),
(92, 16, '2018-11-10 12:37:38', NULL, 1, 0, 161),
(93, 53, '2018-11-10 12:38:48', NULL, 1, 0, 162),
(94, 46, '2018-11-10 12:40:23', NULL, 1, 0, 163),
(95, 26, '2018-11-10 12:43:52', NULL, 1, 0, 164),
(95, 42, '2018-11-10 12:43:52', NULL, 1, 0, 165),
(96, 16, '2018-11-10 12:45:18', NULL, 1, 0, 166),
(97, 8, '2018-11-10 12:47:15', NULL, 1, 0, 167),
(98, 46, '2018-11-10 14:31:24', NULL, 1, 0, 168),
(99, 16, '2018-11-10 14:32:28', NULL, 1, 0, 169),
(100, 16, '2018-11-10 14:33:27', NULL, 1, 0, 170),
(101, 16, '2018-11-10 14:34:46', NULL, 1, 0, 171),
(102, 14, '2018-11-10 14:37:47', NULL, 1, 0, 172),
(104, 27, '2018-11-10 14:43:14', NULL, 1, 0, 174),
(105, 16, '2018-11-10 14:44:23', NULL, 1, 0, 175),
(106, 16, '2018-11-10 14:45:38', NULL, 1, 0, 176),
(107, 28, '2018-11-10 14:46:37', NULL, 1, 0, 177),
(108, 43, '2018-11-10 14:47:31', NULL, 1, 0, 178),
(109, 16, '2018-11-10 14:50:35', NULL, 1, 0, 179),
(110, 55, '2018-11-10 14:51:36', NULL, 1, 0, 180),
(111, 16, '2018-11-10 15:23:09', NULL, 1, 0, 181),
(112, 16, '2018-11-10 15:25:51', NULL, 1, 0, 182),
(113, 32, '2018-11-10 15:26:54', NULL, 1, 0, 183),
(114, 16, '2018-11-10 15:27:51', NULL, 1, 0, 184),
(115, 16, '2018-11-10 15:28:36', NULL, 1, 0, 185),
(116, 16, '2018-11-10 15:29:30', NULL, 1, 0, 186),
(117, 16, '2018-11-10 15:30:46', NULL, 1, 0, 187),
(118, 16, '2018-11-10 15:31:33', NULL, 1, 0, 188),
(119, 16, '2018-11-10 15:33:00', NULL, 1, 0, 189),
(120, 16, '2018-11-10 15:34:07', NULL, 1, 0, 190),
(121, 16, '2018-11-10 20:38:38', NULL, 1, 0, 192),
(122, 88, '2018-11-10 20:40:21', NULL, 1, 0, 193),
(123, 46, '2018-11-10 20:41:35', NULL, 1, 0, 194),
(124, 46, '2018-11-10 20:42:18', NULL, 1, 0, 195),
(125, 45, '2018-11-10 20:56:51', NULL, 1, 0, 196),
(126, 16, '2018-11-10 21:02:15', NULL, 1, 0, 197),
(127, 16, '2018-11-10 21:05:09', NULL, 1, 0, 198),
(129, 46, '2018-11-16 17:02:33', NULL, 1, 0, 200),
(129, 55, '2018-11-16 17:02:33', NULL, 1, 0, 201),
(130, 5, '2018-12-30 20:58:31', NULL, 1, 0, 202),
(130, 6, '2018-12-30 20:58:31', NULL, 1, 0, 203),
(88, 16, '2018-12-30 21:10:08', NULL, 1, 0, 207),
(103, 16, '2018-12-30 21:10:21', NULL, 1, 0, 208);

-- --------------------------------------------------------

--
-- Table structure for table `case_has_investigation_has_reason_to_done`
--

CREATE TABLE `case_has_investigation_has_reason_to_done` (
  `case_has_investigation_id_case_has_investigation` int(11) NOT NULL,
  `reason_to_done_id_reason_to_done` int(11) NOT NULL,
  `createdate` datetime NOT NULL DEFAULT CURRENT_TIMESTAMP,
  `updatedate` datetime DEFAULT NULL,
  `status` tinyint(1) NOT NULL DEFAULT '1',
  `deleted` tinyint(1) NOT NULL DEFAULT '0',
  `case_has_investigation_has_reason_to_done_id` int(11) DEFAULT NULL
) ENGINE=InnoDB DEFAULT CHARSET=utf8;

--
-- Dumping data for table `case_has_investigation_has_reason_to_done`
--

INSERT INTO `case_has_investigation_has_reason_to_done` (`case_has_investigation_id_case_has_investigation`, `reason_to_done_id_reason_to_done`, `createdate`, `updatedate`, `status`, `deleted`, `case_has_investigation_has_reason_to_done_id`) VALUES
(18, 10, '2018-11-08 16:39:17', NULL, 1, 0, 1),
(56, 10, '2018-11-10 11:27:28', NULL, 1, 0, 1),
(80, 2, '2018-11-10 12:20:15', NULL, 1, 0, 1),
(104, 18, '2018-11-10 14:43:14', NULL, 1, 0, 1),
(121, 5, '2018-11-10 20:38:38', NULL, 1, 0, 1),
(121, 17, '2018-11-10 20:38:38', NULL, 1, 0, 2),
(123, 14, '2018-11-10 20:41:35', NULL, 1, 0, 1),
(123, 15, '2018-11-10 20:41:35', NULL, 1, 0, 2),
(124, 14, '2018-11-10 20:42:18', NULL, 1, 0, 1),
(124, 15, '2018-11-10 20:42:18', NULL, 1, 0, 2),
(125, 14, '2018-11-10 20:56:51', NULL, 1, 0, 1),
(125, 15, '2018-11-10 20:56:51', NULL, 1, 0, 2),
(126, 17, '2018-11-10 21:02:15', NULL, 1, 0, 1),
(127, 5, '2018-11-10 21:05:09', NULL, 1, 0, 1),
(127, 17, '2018-11-10 21:05:09', NULL, 1, 0, 2),
(129, 2, '2018-11-16 17:02:33', NULL, 1, 0, 1),
(129, 13, '2018-11-16 17:02:33', NULL, 1, 0, 2),
(130, 11, '2018-12-30 20:58:31', NULL, 1, 0, 1),
(88, 5, '2018-12-30 21:10:08', NULL, 1, 0, 1),
(103, 16, '2018-12-30 21:10:21', NULL, 1, 0, 1);

-- --------------------------------------------------------

--
-- Table structure for table `case_status`
--

CREATE TABLE `case_status` (
  `idcase_status` int(11) NOT NULL,
  `name` varchar(45) DEFAULT NULL,
  `createdate` datetime NOT NULL DEFAULT CURRENT_TIMESTAMP,
  `updatedate` datetime DEFAULT NULL,
  `status` tinyint(1) NOT NULL DEFAULT '1',
  `deleted` tinyint(1) NOT NULL DEFAULT '0'
) ENGINE=InnoDB DEFAULT CHARSET=utf8;

--
-- Dumping data for table `case_status`
--

INSERT INTO `case_status` (`idcase_status`, `name`, `createdate`, `updatedate`, `status`, `deleted`) VALUES
(1, 'تم التصرف', '2018-07-19 23:17:06', NULL, 1, 0),
(2, 'متداولة', '2018-07-20 18:44:13', NULL, 1, 0);

-- --------------------------------------------------------

--
-- Table structure for table `charges`
--

CREATE TABLE `charges` (
  `id_charges` int(11) NOT NULL,
  `name` varchar(45) DEFAULT NULL,
  `createdate` datetime NOT NULL DEFAULT CURRENT_TIMESTAMP,
  `updatedate` datetime DEFAULT NULL,
  `status` tinyint(1) NOT NULL DEFAULT '1',
  `deleted` tinyint(1) NOT NULL DEFAULT '0',
  `owner_id` int(11) NOT NULL DEFAULT '0',
  `admin_id` int(11) NOT NULL DEFAULT '0'
) ENGINE=InnoDB DEFAULT CHARSET=utf8;

--
-- Dumping data for table `charges`
--

INSERT INTO `charges` (`id_charges`, `name`, `createdate`, `updatedate`, `status`, `deleted`, `owner_id`, `admin_id`) VALUES
(1, 'ابتزاز', '2018-10-11 12:04:01', NULL, 1, 0, 0, 0),
(2, 'اتلاف', '2018-10-11 12:04:01', NULL, 1, 0, 0, 0),
(3, 'اجهاض', '2018-10-11 12:04:01', NULL, 1, 0, 0, 0),
(4, 'احتجاز بدون وجه حق', '2018-10-11 12:04:01', NULL, 1, 0, 0, 0),
(5, 'اختلاس مال عام', '2018-10-11 12:04:01', NULL, 1, 0, 0, 0),
(6, 'اخفاء اشياء مسروقة', '2018-10-11 12:04:01', NULL, 1, 0, 0, 0),
(7, 'ادارة منشئة للتصنيع السلاح', '2018-10-11 12:04:01', NULL, 1, 0, 0, 0),
(8, 'استعمال قسوة', '2018-10-11 12:04:01', NULL, 1, 0, 0, 0),
(9, 'استيلاء', '2018-10-11 12:04:01', NULL, 1, 0, 0, 0),
(10, 'اصابة خطا', '2018-10-11 12:04:01', NULL, 1, 0, 0, 0),
(11, 'اصابة متهم', '2018-10-11 12:04:01', NULL, 1, 0, 0, 0),
(12, 'اضراب عن العمل ', '2018-10-11 12:04:01', NULL, 1, 0, 0, 0),
(13, 'اضرار مال عام', '2018-10-11 12:04:01', NULL, 1, 0, 0, 0),
(14, 'اغتصاب', '2018-10-11 12:04:01', NULL, 1, 0, 0, 0),
(15, 'اكراه علي توقيع', '2018-10-11 12:04:01', NULL, 1, 0, 0, 0),
(16, 'الاتجار في المواد المخدرة', '2018-10-11 12:04:01', NULL, 1, 0, 0, 0),
(17, 'الاتجار في المواد المخدرة وتزيف عملة', '2018-10-11 12:04:01', NULL, 1, 0, 0, 0),
(18, 'انتحار', '2018-10-11 12:04:01', NULL, 1, 0, 0, 0),
(19, 'انتحال صفة ', '2018-10-11 12:04:01', NULL, 1, 0, 0, 0),
(20, 'انضمام الي جماعه محظورة', '2018-10-11 12:04:01', NULL, 1, 0, 0, 0),
(21, 'اهمال شركة مياة الشرب', '2018-10-11 12:04:01', NULL, 1, 0, 0, 0),
(22, 'اهمال طبي', '2018-10-11 12:04:01', NULL, 1, 0, 0, 0),
(23, 'بطلجة ', '2018-10-11 12:04:01', NULL, 1, 0, 0, 0),
(24, 'تبديد', '2018-10-11 12:04:01', NULL, 1, 0, 0, 0),
(25, 'تحرش', '2018-10-11 12:04:01', NULL, 1, 0, 0, 0),
(26, 'تربح', '2018-10-11 12:04:01', NULL, 1, 0, 0, 0),
(27, 'تزوير', '2018-10-11 12:04:01', NULL, 1, 0, 0, 0),
(28, 'تزيف عملة', '2018-10-11 12:04:01', NULL, 1, 0, 0, 0),
(29, 'تشهير', '2018-10-11 12:04:01', NULL, 1, 0, 0, 0),
(30, 'تشهير عن طريق الانترنت', '2018-10-11 12:04:01', NULL, 1, 0, 0, 0),
(31, 'تظاهر', '2018-10-11 12:04:01', NULL, 1, 0, 0, 0),
(32, 'تعاطي مواد مخدرة', '2018-10-11 12:04:01', NULL, 1, 0, 0, 0),
(33, 'تعدي بالضرب ', '2018-10-11 12:04:01', NULL, 1, 0, 0, 0),
(34, 'تعدي جنسي ', '2018-10-11 12:04:01', NULL, 1, 0, 0, 0),
(35, 'تعدي علي أطفال بالدار', '2018-10-11 12:04:01', NULL, 1, 0, 0, 0),
(36, 'تعدي علي موظف عام', '2018-10-11 12:04:01', NULL, 1, 0, 0, 0),
(37, 'جرائم انتخابية', '2018-10-11 12:04:01', NULL, 1, 0, 0, 0),
(38, 'حريق', '2018-10-11 12:04:01', NULL, 1, 0, 0, 0),
(39, 'حيازة سلعة تمونية ', '2018-10-11 12:04:01', NULL, 1, 0, 0, 0),
(40, 'خطف', '2018-10-11 12:04:01', NULL, 1, 0, 0, 0),
(41, 'دعارة', '2018-10-11 12:04:01', NULL, 1, 0, 0, 0),
(42, 'رشوة', '2018-10-11 12:04:01', NULL, 1, 0, 0, 0),
(43, 'زنا', '2018-10-11 12:04:01', NULL, 1, 0, 0, 0),
(44, 'سب وقذف', '2018-10-11 12:04:01', NULL, 1, 0, 0, 0),
(45, 'سرقة', '2018-10-11 12:04:01', NULL, 1, 0, 0, 0),
(46, 'سرقة بالاكراه', '2018-10-11 12:04:01', NULL, 1, 0, 0, 0),
(47, 'سرقة دواب', '2018-10-11 12:04:01', NULL, 1, 0, 0, 0),
(48, 'سرقة سيارة', '2018-10-11 12:04:01', NULL, 1, 0, 0, 0),
(49, 'سرقة كابلات', '2018-10-11 12:04:01', NULL, 1, 0, 0, 0),
(50, 'سرقة مهمات', '2018-10-11 12:04:01', NULL, 1, 0, 0, 0),
(51, 'سرقة مواد بترولية', '2018-10-11 12:04:01', NULL, 1, 0, 0, 0),
(52, 'سرقة هاتف', '2018-10-11 12:04:01', NULL, 1, 0, 0, 0),
(53, 'سلاح ابيض واحداث اصابة', '2018-10-11 12:04:01', NULL, 1, 0, 0, 0),
(54, 'سلاح أبيض وتعاطي حشيش', '2018-10-11 12:04:01', NULL, 1, 0, 0, 0),
(55, 'سلاح ناري', '2018-10-11 12:04:01', NULL, 1, 0, 0, 0),
(56, 'سلاح ناري وبلطجة', '2018-10-11 12:04:01', NULL, 1, 0, 0, 0),
(57, 'سلاح ناري وذخيرة', '2018-10-11 12:04:01', NULL, 1, 0, 0, 0),
(58, 'شروع في سرقة', '2018-10-11 12:04:01', NULL, 1, 0, 0, 0),
(59, 'شروع في سرقة بالاكراه', '2018-10-11 12:04:01', NULL, 1, 0, 0, 0),
(60, 'شروع في قتل', '2018-10-11 12:04:01', NULL, 1, 0, 0, 0),
(61, 'شروع في قتل و سلاح ناري', '2018-10-11 12:04:01', NULL, 1, 0, 0, 0),
(62, 'شروع في هتك عرض', '2018-10-11 12:04:01', NULL, 1, 0, 0, 0),
(63, 'شكوي مستشار / تهديد', '2018-10-11 12:04:01', NULL, 1, 0, 0, 0),
(64, 'ضرب', '2018-10-11 12:04:01', NULL, 1, 0, 0, 0),
(65, 'ضرب افضي الي موت', '2018-10-11 12:04:01', NULL, 1, 0, 0, 0),
(66, 'ضرب واحداث اصابة', '2018-10-11 12:04:01', NULL, 1, 0, 0, 0),
(67, 'طرح أغذية منتهية الصلاحية ( غش تجاري )', '2018-10-11 12:04:01', NULL, 1, 0, 0, 0),
(68, 'عاهه', '2018-10-11 12:04:01', NULL, 1, 0, 0, 0),
(69, 'عثور علي سيارة ', '2018-10-11 12:04:01', NULL, 1, 0, 0, 0),
(70, 'عدوان علي مال العام', '2018-10-11 12:04:01', NULL, 1, 0, 0, 0),
(71, 'فعل فاضح ومواد مخدرة', '2018-10-11 12:04:01', NULL, 1, 0, 0, 0),
(72, 'قتل', '2018-10-11 12:04:01', NULL, 1, 0, 0, 0),
(73, 'قتل خطا وهتك عرض', '2018-10-11 12:04:01', NULL, 1, 0, 0, 0),
(74, 'مادة', '2018-10-11 12:04:01', NULL, 1, 0, 0, 0),
(75, 'مشاجره', '2018-10-11 12:04:01', NULL, 1, 0, 0, 0),
(76, 'مقاومة سلطات', '2018-10-11 12:04:01', NULL, 1, 0, 0, 0),
(77, 'مقاومة سلطات وتمكين من الهرب', '2018-10-11 12:04:01', NULL, 1, 0, 0, 0),
(78, 'مواد مخدرة ومقامة سلطات', '2018-10-11 12:04:01', NULL, 1, 0, 0, 0),
(79, 'نصب', '2018-10-11 12:04:01', NULL, 1, 0, 0, 0),
(80, 'نصب واحتيال', '2018-10-11 12:04:01', NULL, 1, 0, 0, 0),
(81, 'نصب وسرقة', '2018-10-11 12:04:01', NULL, 1, 0, 0, 0),
(82, 'هتك عرض', '2018-10-11 12:04:01', NULL, 1, 0, 0, 0),
(83, 'وفاة', '2018-10-11 12:04:01', NULL, 1, 0, 0, 0),
(84, 'وفاة مسجون', '2018-10-11 12:04:01', NULL, 1, 0, 0, 0),
(85, 'asdasd', '2018-10-16 00:30:24', NULL, 0, 0, 2, 0),
(86, 'lmkh;lkh;lkh', '2018-10-27 09:13:49', NULL, 0, 0, 2, 0),
(87, 'سرقة مهمات سكة حديد', '2018-11-08 13:37:02', NULL, 1, 0, 2, 0),
(88, 'بلطجة', '2018-11-08 14:06:34', NULL, 1, 0, 2, 0),
(89, '111155', '2018-11-10 11:01:48', NULL, 0, 0, 2, 0);

-- --------------------------------------------------------

--
-- Table structure for table `depart`
--

CREATE TABLE `depart` (
  `id` int(11) NOT NULL,
  `name` varchar(45) DEFAULT NULL,
  `createdate` datetime NOT NULL DEFAULT CURRENT_TIMESTAMP,
  `updatedate` datetime DEFAULT NULL,
  `status` tinyint(1) NOT NULL DEFAULT '1',
  `deleted` tinyint(1) NOT NULL DEFAULT '0',
  `pros_id` int(11) NOT NULL
) ENGINE=InnoDB DEFAULT CHARSET=utf8;

--
-- Dumping data for table `depart`
--

INSERT INTO `depart` (`id`, `name`, `createdate`, `updatedate`, `status`, `deleted`, `pros_id`) VALUES
(1, 'رمل أول', '2018-03-20 14:57:20', NULL, 1, 0, 1),
(2, 'رمل ثان', '2018-03-20 14:57:20', NULL, 1, 0, 2),
(3, 'منتزة أول', '2018-03-20 14:57:20', NULL, 1, 0, 3),
(4, 'منتزة ثان', '2018-03-20 14:57:20', NULL, 1, 0, 4),
(5, 'منشية', '2018-03-20 14:57:20', NULL, 1, 0, 5),
(6, 'باب شرقي', '2018-03-20 14:57:20', NULL, 1, 0, 6),
(7, 'العطارين', '2018-03-20 14:57:20', NULL, 1, 0, 7),
(8, 'اللبان', '2018-03-20 14:57:20', NULL, 1, 0, 8),
(9, 'سيدي جابر', '2018-03-20 14:57:20', NULL, 1, 0, 9),
(10, 'الجمرك', '2018-03-20 14:57:20', NULL, 1, 0, 10),
(11, 'الأحداث', '2018-03-20 14:57:20', NULL, 1, 0, 11),
(12, 'محرم بك', '2018-03-20 14:57:20', NULL, 1, 0, 12),
(13, 'مينا البصل', '2018-03-20 14:57:20', NULL, 1, 0, 13),
(14, 'كرموز', '2018-03-20 14:57:20', NULL, 1, 0, 14),
(15, 'عامرية أول', '2018-03-20 14:57:20', NULL, 1, 0, 15),
(16, 'عامرية ثان', '2018-03-20 14:57:20', NULL, 1, 0, 16),
(17, 'الدخيلة', '2018-03-20 14:57:20', NULL, 1, 0, 17),
(18, 'منتزة ثالث', '2018-03-20 14:57:20', NULL, 1, 0, 3),
(19, 'برج العرب', '2018-03-20 14:57:20', NULL, 1, 0, 18),
(20, 'الميناء', '2018-03-20 14:57:20', NULL, 1, 0, 19),
(22, 'اللبان 2', '2018-10-07 16:55:03', NULL, 1, 0, 8);

-- --------------------------------------------------------

--
-- Table structure for table `final_action`
--

CREATE TABLE `final_action` (
  `final_action_id` int(11) NOT NULL,
  `final_action_name` varchar(45) NOT NULL,
  `createdate` datetime NOT NULL DEFAULT CURRENT_TIMESTAMP,
  `updatedate` datetime DEFAULT NULL,
  `status` tinyint(1) NOT NULL DEFAULT '1',
  `deleted` tinyint(1) NOT NULL DEFAULT '0',
  `owner_id` int(11) NOT NULL DEFAULT '0',
  `admin_id` int(11) NOT NULL DEFAULT '0'
) ENGINE=InnoDB DEFAULT CHARSET=utf8;

--
-- Dumping data for table `final_action`
--

INSERT INTO `final_action` (`final_action_id`, `final_action_name`, `createdate`, `updatedate`, `status`, `deleted`, `owner_id`, `admin_id`) VALUES
(1, 'adfasdfasdgasdg', '2018-12-28 02:56:51', NULL, 1, 0, 4, 4),
(2, 'asdfasdfasdgasdg', '2018-12-28 02:59:23', NULL, 1, 0, 4, 4);

-- --------------------------------------------------------

--
-- Table structure for table `initial_action`
--

CREATE TABLE `initial_action` (
  `initial_action_id` int(11) NOT NULL,
  `initial_action_name` varchar(45) NOT NULL,
  `createdate` datetime NOT NULL DEFAULT CURRENT_TIMESTAMP,
  `updatedate` datetime DEFAULT NULL,
  `status` tinyint(1) NOT NULL DEFAULT '1',
  `deleted` tinyint(1) NOT NULL DEFAULT '0',
  `owner_id` int(11) NOT NULL DEFAULT '0',
  `admin_id` int(11) NOT NULL DEFAULT '0'
) ENGINE=InnoDB DEFAULT CHARSET=utf8;

--
-- Dumping data for table `initial_action`
--

INSERT INTO `initial_action` (`initial_action_id`, `initial_action_name`, `createdate`, `updatedate`, `status`, `deleted`, `owner_id`, `admin_id`) VALUES
(1, 'إرسال للرئاسة', '2018-12-28 02:32:54', NULL, 1, 0, 0, 0),
(2, 'تقدم لجلسة', '2018-12-28 02:34:48', NULL, 1, 0, 0, 0),
(4, 'asdasdasd', '2018-12-28 02:44:02', NULL, 0, 0, 2, 4),
(5, 'asdasfasdfasdf', '2018-12-28 02:54:26', NULL, 0, 0, 4, 4);

-- --------------------------------------------------------

--
-- Table structure for table `investigation_sessions`
--

CREATE TABLE `investigation_sessions` (
  `investigation_sessions_id` int(11) NOT NULL,
  `investigation_sessions_date` date DEFAULT NULL,
  `investigation_sessions_note` varchar(45) DEFAULT NULL,
  `id_case_has_investigation` int(11) NOT NULL
) ENGINE=InnoDB DEFAULT CHARSET=utf8;

--
-- Dumping data for table `investigation_sessions`
--

INSERT INTO `investigation_sessions` (`investigation_sessions_id`, `investigation_sessions_date`, `investigation_sessions_note`, `id_case_has_investigation`) VALUES
(2, '0000-00-00', 'jklhlkjhjklh', 131),
(3, '0000-00-00', '', 131),
(4, '0000-00-00', '', 132),
(5, '0000-00-00', '', 132),
(6, '2018-12-26', '', 135),
(7, '2018-12-20', '', 135),
(8, '2018-12-26', 'test', 136),
(9, '2018-12-21', 'test2', 136),
(10, '2019-01-02', '', 136),
(11, '2018-12-18', '', 130);

-- --------------------------------------------------------

--
-- Table structure for table `main_ledger`
--

CREATE TABLE `main_ledger` (
  `id` int(11) NOT NULL,
  `name` varchar(20) DEFAULT NULL,
  `createdate` datetime NOT NULL DEFAULT CURRENT_TIMESTAMP,
  `updatedate` datetime DEFAULT NULL,
  `status` tinyint(1) NOT NULL DEFAULT '1',
  `deleted` tinyint(1) NOT NULL DEFAULT '0'
) ENGINE=InnoDB DEFAULT CHARSET=utf8;

--
-- Dumping data for table `main_ledger`
--

INSERT INTO `main_ledger` (`id`, `name`, `createdate`, `updatedate`, `status`, `deleted`) VALUES
(1, 'جنح', '2018-03-20 14:55:19', NULL, 1, 0),
(2, 'جنح مباني', '2018-03-20 14:55:19', NULL, 1, 0),
(3, 'جنح إقتصادية', '2018-03-20 14:55:19', NULL, 1, 0),
(4, 'إداري', '2018-03-20 14:55:19', NULL, 1, 0),
(5, 'مخالفات', '2018-03-20 14:55:19', NULL, 1, 0),
(6, 'عوارض', '2018-03-20 14:55:19', NULL, 1, 0),
(7, 'جنح أمن دولة طوارئ', '2018-03-20 14:55:19', NULL, 1, 0);

-- --------------------------------------------------------

--
-- Table structure for table `overallpros`
--

CREATE TABLE `overallpros` (
  `id` int(11) NOT NULL,
  `name` varchar(45) DEFAULT NULL,
  `createdate` datetime NOT NULL DEFAULT CURRENT_TIMESTAMP,
  `updatedate` datetime DEFAULT NULL,
  `status` tinyint(1) NOT NULL DEFAULT '1',
  `deleted` tinyint(1) NOT NULL DEFAULT '0'
) ENGINE=InnoDB DEFAULT CHARSET=utf8;

--
-- Dumping data for table `overallpros`
--

INSERT INTO `overallpros` (`id`, `name`, `createdate`, `updatedate`, `status`, `deleted`) VALUES
(1, 'شرق الكلية', '2018-03-20 14:55:58', NULL, 1, 0),
(2, 'غرب الكلية', '2018-03-20 14:55:58', NULL, 1, 0),
(3, 'سيدي جابر', '2018-03-20 14:55:58', NULL, 1, 0),
(4, 'المنتزة', '2018-03-20 14:55:58', NULL, 1, 0),
(5, 'الدخيلة و العامرية', '2018-03-20 14:55:58', NULL, 1, 0);

-- --------------------------------------------------------

--
-- Table structure for table `overallpros_has_users`
--

CREATE TABLE `overallpros_has_users` (
  `id` int(11) NOT NULL,
  `overallpros_id` int(11) NOT NULL,
  `users_id` int(11) NOT NULL
) ENGINE=InnoDB DEFAULT CHARSET=utf8;

--
-- Dumping data for table `overallpros_has_users`
--

INSERT INTO `overallpros_has_users` (`id`, `overallpros_id`, `users_id`) VALUES
(2, 1, 4),
(8, 5, 7),
(9, 4, 7),
(10, 3, 7),
(11, 1, 7),
(12, 2, 7);

-- --------------------------------------------------------

--
-- Table structure for table `pros`
--

CREATE TABLE `pros` (
  `id` int(11) NOT NULL,
  `name` varchar(45) NOT NULL,
  `createdate` datetime NOT NULL DEFAULT CURRENT_TIMESTAMP,
  `updatedate` datetime DEFAULT NULL,
  `status` tinyint(1) NOT NULL DEFAULT '1',
  `deleted` tinyint(1) NOT NULL DEFAULT '0',
  `overallpros_id` int(11) NOT NULL
) ENGINE=InnoDB DEFAULT CHARSET=utf8;

--
-- Dumping data for table `pros`
--

INSERT INTO `pros` (`id`, `name`, `createdate`, `updatedate`, `status`, `deleted`, `overallpros_id`) VALUES
(1, 'رمل أول', '2018-03-20 14:56:35', NULL, 1, 0, 1),
(2, 'رمل ثان', '2018-03-20 14:56:35', NULL, 1, 0, 1),
(3, 'منتزة أول', '2018-03-20 14:56:35', NULL, 1, 0, 4),
(4, 'منتزة ثان', '2018-03-20 14:56:35', NULL, 1, 0, 4),
(5, 'منشية', '2018-03-20 14:56:35', NULL, 1, 0, 1),
(6, 'باب شرقي', '2018-03-20 14:56:35', NULL, 1, 0, 1),
(7, 'العطارين', '2018-03-20 14:56:35', NULL, 1, 0, 1),
(8, 'اللبان', '2018-03-20 14:56:35', NULL, 1, 0, 2),
(9, 'سيدي جابر', '2018-03-20 14:56:35', NULL, 1, 0, 3),
(10, 'الجمرك', '2018-03-20 14:56:35', NULL, 1, 0, 2),
(11, 'الأحداث', '2018-03-20 14:56:35', NULL, 1, 0, 2),
(12, 'محرم بك', '2018-03-20 14:56:35', NULL, 1, 0, 1),
(13, 'مينا البصل', '2018-03-20 14:56:35', NULL, 1, 0, 2),
(14, 'كرموز', '2018-03-20 14:56:35', NULL, 1, 0, 2),
(15, 'عامرية أول', '2018-03-20 14:56:35', NULL, 1, 0, 5),
(16, 'عامرية ثان', '2018-03-20 14:56:35', NULL, 1, 0, 5),
(17, 'الدخيلة', '2018-03-20 14:56:35', NULL, 1, 0, 5),
(18, 'برج العرب', '2018-03-20 14:56:35', NULL, 1, 0, 2),
(19, 'الميناء', '2018-03-20 14:56:35', NULL, 1, 0, 2);

-- --------------------------------------------------------

--
-- Table structure for table `prosecutor`
--

CREATE TABLE `prosecutor` (
  `id` int(11) NOT NULL,
  `name` varchar(60) DEFAULT NULL,
  `createdate` datetime NOT NULL DEFAULT CURRENT_TIMESTAMP,
  `updatedate` datetime DEFAULT NULL,
  `status` tinyint(1) NOT NULL DEFAULT '1',
  `deleted` tinyint(1) NOT NULL DEFAULT '0',
  `pros_id` int(11) NOT NULL
) ENGINE=InnoDB DEFAULT CHARSET=utf8;

--
-- Dumping data for table `prosecutor`
--

INSERT INTO `prosecutor` (`id`, `name`, `createdate`, `updatedate`, `status`, `deleted`, `pros_id`) VALUES
(1, 'احمد قاسم', '2018-10-11 09:30:52', '2018-11-10 10:52:41', 1, 0, 2),
(2, 'محمد النزهي', '2018-10-11 09:30:52', '2018-11-10 10:52:51', 1, 0, 2),
(3, 'محمد شاور', '2018-10-16 01:36:36', '2018-11-10 10:52:55', 1, 0, 2),
(4, 'محمد الشبراوي', '2018-11-08 12:33:20', '2018-11-10 10:52:48', 1, 0, 2),
(5, 'امير محرم', '2018-11-08 12:33:41', '2018-11-10 10:52:44', 1, 0, 2),
(6, 'احمد شبل ', '2018-11-08 12:33:51', '2018-11-10 10:52:38', 1, 0, 2),
(7, 'هانى السبكى', '2018-11-08 12:34:14', '2018-11-08 13:24:17', 1, 0, 2),
(8, 'محمد ابراهيم', '2018-11-08 12:35:07', '2018-11-08 13:25:32', 1, 0, 2),
(9, 'محمود البندارى', '2018-11-08 12:35:49', '2018-11-08 13:24:33', 1, 0, 2),
(10, 'محمود عبد العظيم', '2018-11-08 12:36:27', '2018-11-10 21:15:31', 0, 0, 2),
(11, 'عماد عبد السميع', '2018-11-08 12:36:53', '2018-11-10 21:15:25', 0, 0, 2),
(12, 'وائل موسي', '2018-11-08 12:37:53', '2018-11-10 21:15:43', 0, 0, 1),
(13, 'احمد الخولى', '2018-11-08 12:37:59', '2018-11-10 21:15:23', 0, 0, 1),
(14, 'خالد أصلان', '2018-11-08 12:38:07', '2018-11-10 21:14:43', 0, 0, 1),
(15, 'احمد العليمى', '2018-11-08 12:38:20', NULL, 1, 0, 1),
(16, 'عمرو عبد العزيز', '2018-11-08 12:39:05', '2018-11-10 21:15:28', 0, 0, 1),
(17, 'بهاء فرحات', '2018-11-08 12:39:12', '2018-11-10 21:14:40', 0, 0, 1),
(18, 'احمد فوزى', '2018-11-08 12:39:39', '2018-11-10 21:14:37', 0, 0, 1),
(19, 'علي ايوب', '2018-11-08 14:11:19', '2018-11-10 10:52:46', 1, 0, 1);

-- --------------------------------------------------------

--
-- Table structure for table `pros_has_users`
--

CREATE TABLE `pros_has_users` (
  `id` int(11) NOT NULL,
  `pros_id` int(11) NOT NULL,
  `users_id` int(11) NOT NULL
) ENGINE=InnoDB DEFAULT CHARSET=utf8;

--
-- Dumping data for table `pros_has_users`
--

INSERT INTO `pros_has_users` (`id`, `pros_id`, `users_id`) VALUES
(1, 2, 2),
(3, 1, 10);

-- --------------------------------------------------------

--
-- Table structure for table `reason_to_done`
--

CREATE TABLE `reason_to_done` (
  `id_reason_to_done` int(11) NOT NULL,
  `name` varchar(45) DEFAULT NULL,
  `createdate` datetime NOT NULL DEFAULT CURRENT_TIMESTAMP,
  `updatedate` datetime DEFAULT NULL,
  `status` tinyint(1) NOT NULL DEFAULT '1',
  `deleted` tinyint(1) NOT NULL DEFAULT '0'
) ENGINE=InnoDB DEFAULT CHARSET=utf8;

--
-- Dumping data for table `reason_to_done`
--

INSERT INTO `reason_to_done` (`id_reason_to_done`, `name`, `createdate`, `updatedate`, `status`, `deleted`) VALUES
(1, 'حفظ', '2018-11-08 11:56:35', NULL, 1, 0),
(2, 'تقرير مصلحة الطب الشرعي', '2018-11-08 11:57:13', NULL, 1, 0),
(3, 'احالة', '2018-11-08 11:57:30', NULL, 1, 0),
(4, 'جلسة', '2018-11-08 11:57:45', NULL, 1, 0),
(5, 'تقرير المعمل الكيماوي ', '2018-11-08 11:58:18', NULL, 1, 0),
(6, 'اختصاص', '2018-11-08 12:17:43', NULL, 1, 0),
(7, 'باقى', '2018-11-08 12:17:51', NULL, 1, 0),
(8, 'ساقط قيد', '2018-11-08 12:19:18', NULL, 1, 0),
(9, 'تقرير اللجنة التضامن الاجتماعي', '2018-11-08 12:20:11', NULL, 1, 0),
(10, ' تقرير ابحاث تزيف وتزوير', '2018-11-08 12:20:58', NULL, 1, 0),
(11, 'تحريات التوثيق والمعلومات', '2018-11-08 12:21:29', NULL, 1, 0),
(12, 'اخذ راي', '2018-11-08 12:21:50', NULL, 1, 0),
(13, 'تحريات ادارة البحث', '2018-11-08 12:22:21', NULL, 1, 0),
(14, 'طلب المجني عليه', '2018-11-08 12:22:33', NULL, 1, 0),
(15, 'تحريات مباحث', '2018-11-08 12:28:57', NULL, 1, 0),
(16, 'تحريات الرقابة الادارية', '2018-11-08 12:30:12', NULL, 1, 0),
(17, 'سؤال ظابط', '2018-11-08 13:49:41', NULL, 1, 0),
(18, 'استعلام احوال مدنية', '2018-11-10 14:41:41', NULL, 1, 0);

-- --------------------------------------------------------

--
-- Table structure for table `role`
--

CREATE TABLE `role` (
  `id` int(11) NOT NULL,
  `name` varchar(45) DEFAULT NULL,
  `createdate` datetime NOT NULL DEFAULT CURRENT_TIMESTAMP,
  `updatedate` datetime DEFAULT NULL,
  `status` tinyint(1) NOT NULL DEFAULT '1',
  `deleted` tinyint(1) NOT NULL DEFAULT '0'
) ENGINE=InnoDB DEFAULT CHARSET=utf8;

--
-- Dumping data for table `role`
--

INSERT INTO `role` (`id`, `name`, `createdate`, `updatedate`, `status`, `deleted`) VALUES
(1, 'admin', '2018-03-21 09:51:34', NULL, 1, 0),
(2, 'رئيس نيابة جزئية', '2018-03-21 09:51:34', NULL, 1, 0),
(3, 'وكيل نيابة', '2018-03-21 09:52:28', NULL, 1, 0),
(4, 'موظف نيابة جزئية', '2018-03-21 09:52:28', NULL, 1, 0),
(7, 'رئيس نيابة كلية', '2018-12-30 20:21:29', NULL, 1, 0),
(8, 'محامي عام', '2018-12-30 20:21:29', NULL, 1, 0),
(11, 'محامي عام أول', '2018-12-30 20:22:27', NULL, 1, 0),
(12, 'مركز المعلومات', '2018-12-30 20:22:27', NULL, 1, 0);

-- --------------------------------------------------------

--
-- Table structure for table `users`
--

CREATE TABLE `users` (
  `id` int(11) NOT NULL,
  `username` varchar(45) DEFAULT NULL,
  `password` varchar(45) NOT NULL,
  `nickname` varchar(45) DEFAULT NULL,
  `createdate` datetime NOT NULL DEFAULT CURRENT_TIMESTAMP,
  `updatedate` datetime DEFAULT NULL,
  `status` tinyint(1) NOT NULL DEFAULT '1',
  `deleted` tinyint(1) NOT NULL DEFAULT '0',
  `role_id` int(11) NOT NULL
) ENGINE=InnoDB DEFAULT CHARSET=utf8;

--
-- Dumping data for table `users`
--

INSERT INTO `users` (`id`, `username`, `password`, `nickname`, `createdate`, `updatedate`, `status`, `deleted`, `role_id`) VALUES
(2, '1', '1', 'أحمد عبد الهادي', '2018-03-18 10:06:25', NULL, 1, 0, 2),
(4, '2', '2', 'محمود الغايش', '2018-10-17 09:46:28', NULL, 1, 0, 8),
(7, '3', '3', 'محمد عبد السلام', '2018-12-30 20:24:39', NULL, 1, 0, 11),
(8, '4', '4', 'مدير المركز', '2018-12-30 20:24:39', NULL, 1, 0, 12),
(10, '11', '11', 'احمد سمير غيث', '2018-12-30 20:32:21', NULL, 1, 0, 2);

--
-- Indexes for dumped tables
--

--
-- Indexes for table `case`
--
ALTER TABLE `case`
  ADD PRIMARY KEY (`depart_id`,`main_ledger_id`,`case_number`,`case_year`),
  ADD KEY `fk_case_depart1_idx` (`depart_id`),
  ADD KEY `fk_case_main_ledger1_idx` (`main_ledger_id`),
  ADD KEY `id` (`id`);

--
-- Indexes for table `case_has_investigation`
--
ALTER TABLE `case_has_investigation`
  ADD PRIMARY KEY (`investigation_number`,`investigation_year`,`depart_id`),
  ADD KEY `fk_case_has_investigation_case_status1_idx` (`case_status_idcase_status`),
  ADD KEY `fk_case_has_investigation_users1_idx` (`users_id`),
  ADD KEY `fk_case_has_investigation_prosecutor1_idx` (`prosecutor_id`),
  ADD KEY `fk_case_has_investigation_case1_idx` (`case_id`),
  ADD KEY `id` (`id_case_has_investigation`),
  ADD KEY `fk_case_has_investigation_initial_action1_idx` (`initial_action_id`),
  ADD KEY `fk_case_has_investigation_final_action1_idx` (`final_action_id`),
  ADD KEY `fk_case_has_investigation_depart1_idx` (`depart_id`);

--
-- Indexes for table `case_has_investigation_has_charges`
--
ALTER TABLE `case_has_investigation_has_charges`
  ADD KEY `fk_case_has_investigation_has_charges_charges1_idx` (`charges_id_charges`),
  ADD KEY `fk_case_has_investigation_has_charges_case_has_investigatio_idx` (`case_has_investigation_id_case_has_investigation`);

--
-- Indexes for table `case_has_investigation_has_reason_to_done`
--
ALTER TABLE `case_has_investigation_has_reason_to_done`
  ADD KEY `fk_case_has_investigation_has_reason_to_done_reason_to_done_idx` (`reason_to_done_id_reason_to_done`),
  ADD KEY `fk_case_has_investigation_has_reason_to_done_case_has_inves_idx` (`case_has_investigation_id_case_has_investigation`);

--
-- Indexes for table `case_status`
--
ALTER TABLE `case_status`
  ADD PRIMARY KEY (`idcase_status`);

--
-- Indexes for table `charges`
--
ALTER TABLE `charges`
  ADD PRIMARY KEY (`id_charges`,`owner_id`,`admin_id`);

--
-- Indexes for table `depart`
--
ALTER TABLE `depart`
  ADD PRIMARY KEY (`id`,`pros_id`),
  ADD KEY `fk_depart_pros_idx` (`pros_id`);

--
-- Indexes for table `final_action`
--
ALTER TABLE `final_action`
  ADD PRIMARY KEY (`final_action_id`);

--
-- Indexes for table `initial_action`
--
ALTER TABLE `initial_action`
  ADD PRIMARY KEY (`initial_action_id`);

--
-- Indexes for table `investigation_sessions`
--
ALTER TABLE `investigation_sessions`
  ADD PRIMARY KEY (`investigation_sessions_id`),
  ADD KEY `fk_investigation_sessions_case_has_investigation1_idx` (`id_case_has_investigation`);

--
-- Indexes for table `main_ledger`
--
ALTER TABLE `main_ledger`
  ADD PRIMARY KEY (`id`);

--
-- Indexes for table `overallpros`
--
ALTER TABLE `overallpros`
  ADD PRIMARY KEY (`id`);

--
-- Indexes for table `overallpros_has_users`
--
ALTER TABLE `overallpros_has_users`
  ADD PRIMARY KEY (`id`,`overallpros_id`,`users_id`),
  ADD KEY `fk_overallpros_has_users_users1_idx` (`users_id`),
  ADD KEY `fk_overallpros_has_users_overallpros1_idx` (`overallpros_id`);

--
-- Indexes for table `pros`
--
ALTER TABLE `pros`
  ADD PRIMARY KEY (`id`,`overallpros_id`),
  ADD KEY `fk_pros_overallpros1_idx` (`overallpros_id`);

--
-- Indexes for table `prosecutor`
--
ALTER TABLE `prosecutor`
  ADD PRIMARY KEY (`id`,`pros_id`),
  ADD KEY `fk_prosecutor_pros1_idx` (`pros_id`);

--
-- Indexes for table `pros_has_users`
--
ALTER TABLE `pros_has_users`
  ADD PRIMARY KEY (`id`,`pros_id`,`users_id`),
  ADD KEY `fk_pros_has_users_users1_idx` (`users_id`),
  ADD KEY `fk_pros_has_users_pros1_idx` (`pros_id`);

--
-- Indexes for table `reason_to_done`
--
ALTER TABLE `reason_to_done`
  ADD PRIMARY KEY (`id_reason_to_done`);

--
-- Indexes for table `role`
--
ALTER TABLE `role`
  ADD PRIMARY KEY (`id`);

--
-- Indexes for table `users`
--
ALTER TABLE `users`
  ADD PRIMARY KEY (`id`,`role_id`),
  ADD UNIQUE KEY `username_UNIQUE` (`username`),
  ADD KEY `fk_users_role1_idx` (`role_id`);

--
-- AUTO_INCREMENT for dumped tables
--

--
-- AUTO_INCREMENT for table `case_status`
--
ALTER TABLE `case_status`
  MODIFY `idcase_status` int(11) NOT NULL AUTO_INCREMENT, AUTO_INCREMENT=3;

--
-- AUTO_INCREMENT for table `charges`
--
ALTER TABLE `charges`
  MODIFY `id_charges` int(11) NOT NULL AUTO_INCREMENT, AUTO_INCREMENT=90;

--
-- AUTO_INCREMENT for table `depart`
--
ALTER TABLE `depart`
  MODIFY `id` int(11) NOT NULL AUTO_INCREMENT, AUTO_INCREMENT=23;

--
-- AUTO_INCREMENT for table `final_action`
--
ALTER TABLE `final_action`
  MODIFY `final_action_id` int(11) NOT NULL AUTO_INCREMENT, AUTO_INCREMENT=3;

--
-- AUTO_INCREMENT for table `initial_action`
--
ALTER TABLE `initial_action`
  MODIFY `initial_action_id` int(11) NOT NULL AUTO_INCREMENT, AUTO_INCREMENT=6;

--
-- AUTO_INCREMENT for table `investigation_sessions`
--
ALTER TABLE `investigation_sessions`
  MODIFY `investigation_sessions_id` int(11) NOT NULL AUTO_INCREMENT, AUTO_INCREMENT=12;

--
-- AUTO_INCREMENT for table `main_ledger`
--
ALTER TABLE `main_ledger`
  MODIFY `id` int(11) NOT NULL AUTO_INCREMENT, AUTO_INCREMENT=8;

--
-- AUTO_INCREMENT for table `overallpros_has_users`
--
ALTER TABLE `overallpros_has_users`
  MODIFY `id` int(11) NOT NULL AUTO_INCREMENT, AUTO_INCREMENT=13;

--
-- AUTO_INCREMENT for table `pros`
--
ALTER TABLE `pros`
  MODIFY `id` int(11) NOT NULL AUTO_INCREMENT, AUTO_INCREMENT=20;

--
-- AUTO_INCREMENT for table `prosecutor`
--
ALTER TABLE `prosecutor`
  MODIFY `id` int(11) NOT NULL AUTO_INCREMENT, AUTO_INCREMENT=20;

--
-- AUTO_INCREMENT for table `pros_has_users`
--
ALTER TABLE `pros_has_users`
  MODIFY `id` int(11) NOT NULL AUTO_INCREMENT, AUTO_INCREMENT=4;

--
-- AUTO_INCREMENT for table `reason_to_done`
--
ALTER TABLE `reason_to_done`
  MODIFY `id_reason_to_done` int(11) NOT NULL AUTO_INCREMENT, AUTO_INCREMENT=19;

--
-- AUTO_INCREMENT for table `role`
--
ALTER TABLE `role`
  MODIFY `id` int(11) NOT NULL AUTO_INCREMENT, AUTO_INCREMENT=13;

--
-- AUTO_INCREMENT for table `users`
--
ALTER TABLE `users`
  MODIFY `id` int(11) NOT NULL AUTO_INCREMENT, AUTO_INCREMENT=11;

--
-- Constraints for dumped tables
--

--
-- Constraints for table `case`
--
ALTER TABLE `case`
  ADD CONSTRAINT `fk_case_depart1` FOREIGN KEY (`depart_id`) REFERENCES `depart` (`id`) ON DELETE NO ACTION ON UPDATE CASCADE,
  ADD CONSTRAINT `fk_case_main_ledger1` FOREIGN KEY (`main_ledger_id`) REFERENCES `main_ledger` (`id`) ON DELETE NO ACTION ON UPDATE CASCADE;

--
-- Constraints for table `case_has_investigation`
--
ALTER TABLE `case_has_investigation`
  ADD CONSTRAINT `fk_case_has_investigation_case1` FOREIGN KEY (`case_id`) REFERENCES `case` (`id`) ON DELETE NO ACTION ON UPDATE CASCADE,
  ADD CONSTRAINT `fk_case_has_investigation_case_status1` FOREIGN KEY (`case_status_idcase_status`) REFERENCES `case_status` (`idcase_status`) ON DELETE NO ACTION ON UPDATE CASCADE,
  ADD CONSTRAINT `fk_case_has_investigation_depart1` FOREIGN KEY (`depart_id`) REFERENCES `depart` (`id`) ON DELETE NO ACTION ON UPDATE CASCADE,
  ADD CONSTRAINT `fk_case_has_investigation_final_action1` FOREIGN KEY (`final_action_id`) REFERENCES `final_action` (`final_action_id`) ON DELETE NO ACTION ON UPDATE CASCADE,
  ADD CONSTRAINT `fk_case_has_investigation_initial_action1` FOREIGN KEY (`initial_action_id`) REFERENCES `initial_action` (`initial_action_id`) ON DELETE NO ACTION ON UPDATE CASCADE,
  ADD CONSTRAINT `fk_case_has_investigation_prosecutor1` FOREIGN KEY (`prosecutor_id`) REFERENCES `prosecutor` (`id`) ON DELETE NO ACTION ON UPDATE CASCADE,
  ADD CONSTRAINT `fk_case_has_investigation_users1` FOREIGN KEY (`users_id`) REFERENCES `users` (`id`) ON DELETE NO ACTION ON UPDATE CASCADE;

--
-- Constraints for table `case_has_investigation_has_charges`
--
ALTER TABLE `case_has_investigation_has_charges`
  ADD CONSTRAINT `charges` FOREIGN KEY (`charges_id_charges`) REFERENCES `charges` (`id_charges`) ON DELETE NO ACTION ON UPDATE CASCADE,
  ADD CONSTRAINT `fk_case_has_investigation_has_charges_case_has_investigation1` FOREIGN KEY (`case_has_investigation_id_case_has_investigation`) REFERENCES `case_has_investigation` (`id_case_has_investigation`) ON DELETE NO ACTION ON UPDATE CASCADE;

--
-- Constraints for table `case_has_investigation_has_reason_to_done`
--
ALTER TABLE `case_has_investigation_has_reason_to_done`
  ADD CONSTRAINT `fk_case_has_investigation_has_reason_to_done_case_has_investi1` FOREIGN KEY (`case_has_investigation_id_case_has_investigation`) REFERENCES `case_has_investigation` (`id_case_has_investigation`) ON DELETE NO ACTION ON UPDATE CASCADE,
  ADD CONSTRAINT `reason` FOREIGN KEY (`reason_to_done_id_reason_to_done`) REFERENCES `reason_to_done` (`id_reason_to_done`) ON DELETE NO ACTION ON UPDATE CASCADE;

--
-- Constraints for table `investigation_sessions`
--
ALTER TABLE `investigation_sessions`
  ADD CONSTRAINT `fk_investigation_sessions_case_has_investigation1` FOREIGN KEY (`id_case_has_investigation`) REFERENCES `case_has_investigation` (`id_case_has_investigation`) ON UPDATE CASCADE;

--
-- Constraints for table `overallpros_has_users`
--
ALTER TABLE `overallpros_has_users`
  ADD CONSTRAINT `fk_overallpros_has_users_overallpros1` FOREIGN KEY (`overallpros_id`) REFERENCES `overallpros` (`id`) ON UPDATE CASCADE,
  ADD CONSTRAINT `fk_overallpros_has_users_users1` FOREIGN KEY (`users_id`) REFERENCES `users` (`id`) ON UPDATE CASCADE;

--
-- Constraints for table `pros`
--
ALTER TABLE `pros`
  ADD CONSTRAINT `fk_pros_depart1` FOREIGN KEY (`id`) REFERENCES `depart` (`pros_id`) ON DELETE NO ACTION ON UPDATE CASCADE,
  ADD CONSTRAINT `fk_pros_overallpros1` FOREIGN KEY (`overallpros_id`) REFERENCES `overallpros` (`id`) ON DELETE NO ACTION ON UPDATE NO ACTION;

--
-- Constraints for table `prosecutor`
--
ALTER TABLE `prosecutor`
  ADD CONSTRAINT `fk_prosecutor_pros1` FOREIGN KEY (`pros_id`) REFERENCES `pros` (`id`) ON DELETE NO ACTION ON UPDATE CASCADE;

--
-- Constraints for table `pros_has_users`
--
ALTER TABLE `pros_has_users`
  ADD CONSTRAINT `fk_pros_has_users_pros1` FOREIGN KEY (`pros_id`) REFERENCES `pros` (`id`) ON DELETE NO ACTION ON UPDATE NO ACTION,
  ADD CONSTRAINT `fk_pros_has_users_users1` FOREIGN KEY (`users_id`) REFERENCES `users` (`id`) ON DELETE NO ACTION ON UPDATE NO ACTION;

--
-- Constraints for table `users`
--
ALTER TABLE `users`
  ADD CONSTRAINT `fk_users_role1` FOREIGN KEY (`role_id`) REFERENCES `role` (`id`) ON DELETE NO ACTION ON UPDATE NO ACTION;
COMMIT;

/*!40101 SET CHARACTER_SET_CLIENT=@OLD_CHARACTER_SET_CLIENT */;
/*!40101 SET CHARACTER_SET_RESULTS=@OLD_CHARACTER_SET_RESULTS */;
/*!40101 SET COLLATION_CONNECTION=@OLD_COLLATION_CONNECTION */;
